date,n_stocks,mkt_ret,limit_up_count,touched_count,max_board_height,blow_count,blow_rate,lu_premium_1d,lu_cont_n,limit_up_count_ma5
2024-06-03,4765,-0.017782562391876436,14,29,1,15,0.5172413793103449,,0,
2024-06-04,4765,-0.006798006112961622,24,35,2,11,0.3142857142857143,0.03363345681337249,14,
2024-06-05,4767,-0.018339115732435223,15,35,3,20,0.5714285714285714,0.03071598394050817,24,
2024-06-06,4767,-0.0347955981948049,18,27,4,9,0.3333333333333333,0.02600984454288209,15,
2024-06-07,4765,0.01794830919519323,44,65,5,21,0.3230769230769231,-0.018566565488526077,18,23.0
2024-06-11,4763,0.00616404119248274,24,37,6,13,0.35135135135135137,-0.0005892287333697727,44,25.0
2024-06-12,4767,0.01282494533750235,39,53,7,14,0.2641509433962264,0.03859914214489539,24,28.0
2024-06-13,4769,-0.0032654711091342067,39,48,4,9,0.1875,0.011497215032009785,39,32.8
2024-06-14,4770,0.0006524300141521677,21,40,3,19,0.475,0.0026077176377456383,39,33.4
2024-06-17,4770,-0.004435913543527665,23,41,4,18,0.43902439024390244,0.024482765400927746,21,29.2
2024-06-18,4771,0.012496225473253466,35,52,5,17,0.3269230769230769,0.021054539508690608,23,31.4
2024-06-19,4771,-0.005949517299395164,30,50,6,20,0.4,0.03942318249804451,35,29.6
2024-06-20,4772,-0.019073113058232408,25,46,7,21,0.45652173913043476,0.04006753354121147,30,26.8
2024-06-21,4772,-0.0014953342044526131,23,36,5,13,0.3611111111111111,-0.0023125550631532153,25,27.2
2024-06-24,4773,-0.03602578579305923,18,32,3,14,0.4375,0.04795597486859981,23,26.2
2024-06-25,4771,3.251626354817296e-05,49,64,4,15,0.234375,0.006097194504803541,18,29.0
2024-06-26,4774,0.028350055313121677,42,59,5,17,0.288135593220339,-0.0008274185555728515,49,31.4
2024-06-27,4774,-0.018374739222831123,24,47,4,23,0.48936170212765956,0.044416864713654025,42,31.2
2024-06-28,4774,0.004892559376319635,29,54,3,25,0.46296296296296297,-0.015216287563162786,24,32.4
2024-07-01,4775,0.00831306737868914,33,56,4,23,0.4107142857142857,-0.0003109306757893282,29,35.4
2024-07-02,4776,-0.0003646150312574322,33,55,5,22,0.4,0.027000413858208422,33,32.2
2024-07-03,4776,-0.00896032962447619,28,55,3,27,0.4909090909090909,0.018723036970686696,33,29.4
2024-07-04,4776,-0.026376668010977974,13,22,3,9,0.4090909090909091,0.00225642999623105,28,27.2
2024-07-05,4776,0.010586691023509271,29,40,4,11,0.275,0.0088636509781684,13,27.2
2024-07-08,4772,-0.02611631976175094,17,33,3,16,0.48484848484848486,0.025659320441568715,29,24.0
2024-07-09,4775,0.018344397712968863,44,61,4,17,0.2786885245901639,0.02718645165528618,17,26.2
2024-07-10,4776,-0.006675619569220937,38,69,3,31,0.4492753623188406,0.03444439716655269,44,28.2
2024-07-11,4777,0.030488137441798967,65,85,4,20,0.23529411764705882,0.006195942504417507,38,38.6
2024-07-12,4778,-0.002714688875748821,32,54,4,22,0.4074074074074074,0.014422288387389437,65,39.2
2024-07-15,4778,-0.014738554579542313,23,38,5,15,0.39473684210526316,0.0134847604947141,32,40.4
2024-07-16,4779,0.0009249386778185278,26,41,6,15,0.36585365853658536,0.007753257124781772,23,36.8
2024-07-17,4777,-0.010992511069436554,21,30,7,9,0.3,0.03209966886852424,25,33.4
2024-07-18,4779,-0.0002926103949546806,32,41,3,9,0.21951219512195122,0.011311903513290216,21,26.8
2024-07-19,4779,0.006475904321906211,36,54,2,18,0.3333333333333333,0.014426895661348669,32,27.6
2024-07-22,4779,0.004476755560004381,34,49,3,15,0.30612244897959184,0.006593382114768654,36,29.8
2024-07-23,4780,-0.020691898576437162,35,53,3,18,0.33962264150943394,0.03570651256487539,34,31.6
2024-07-24,4781,-0.015641180833687582,21,37,3,16,0.43243243243243246,0.0022854611725828602,35,31.6
2024-07-25,4781,0.004966067807607856,38,57,3,19,0.3333333333333333,0.001304423920387406,21,32.8
2024-07-26,4783,0.016245627281802667,52,71,2,19,0.2676056338028169,0.015692382788082177,38,36.0
2024-07-29,4782,0.0007379225890390316,57,75,3,18,0.24,0.04909494598086387,52,40.6
2024-07-30,4784,0.005072108916238839,55,82,4,27,0.32926829268292684,0.02671234627614142,57,44.6
2024-07-31,4785,0.03417758319808063,79,117,4,38,0.3247863247863248,-0.01203915350737388,55,56.2
2024-08-01,4785,0.0006123223117918673,51,77,5,26,0.33766233766233766,0.025172573136786627,79,58.8
2024-08-02,4786,-0.013112924772444587,41,64,6,23,0.359375,0.015285181595001805,51,56.6
2024-08-05,4787,-0.024990542868669804,41,65,5,24,0.36923076923076925,0.02805211425521686,41,53.4
2024-08-06,4788,0.01880425491142272,49,65,6,16,0.24615384615384617,0.009238422402052214,41,52.2
2024-08-07,4788,0.00040029543736008473,48,64,5,16,0.25,0.009394400236928967,49,46.0
2024-08-08,4790,-0.0022796911421061462,34,60,5,26,0.43333333333333335,-0.00898830011941225,48,42.6
2024-08-09,4791,-0.007244938404774561,27,50,4,23,0.46,0.0030301336843484043,34,39.8
2024-08-12,4792,-0.006558504815383961,29,54,3,25,0.46296296296296297,-0.006614942849290323,27,37.4
2024-08-13,4793,0.007019372536389893,31,44,4,13,0.29545454545454547,0.0046231578883127915,29,33.8
2024-08-14,4793,-0.005549559312575618,28,52,4,24,0.46153846153846156,0.05448346924984059,31,29.8
2024-08-15,4794,0.00803120907602906,34,47,3,13,0.2765957446808511,0.014718246714434823,28,29.8
2024-08-16,4794,-0.0045376343286781225,33,50,4,17,0.34,0.016071542780104402,34,31.0
2024-08-19,4794,-0.0038124636050717326,33,49,3,16,0.32653061224489793,0.016084013811795264,33,31.8
2024-08-20,4794,-0.01739875401030031,19,32,4,13,0.40625,-0.0012941971377555574,33,29.4
2024-08-21,4794,-0.0026290732535296656,33,51,5,18,0.35294117647058826,0.04448781074959899,19,30.4
2024-08-22,4795,-0.014926314592268635,23,42,6,19,0.4523809523809524,-0.004128058700925015,33,28.2
2024-08-23,4797,-0.004582945416764431,34,50,7,16,0.32,-0.0038712269667451416,23,28.4
2024-08-26,4797,0.010765249192674874,40,61,8,21,0.3442622950819672,0.024530953780269614,34,29.8
2024-08-27,4797,-0.013569181676366763,31,52,9,21,0.40384615384615385,0.024119845704028572,40,32.2
2024-08-28,4797,0.004545969581675494,34,56,10,22,0.39285714285714285,-0.01809053159813718,31,32.4
2024-08-29,4797,0.014702259503030616,44,58,5,14,0.2413793103448276,0.014071834335188913,34,36.6
2024-08-30,4798,0.01914928056720343,54,106,5,52,0.49056603773584906,0.014489424112687516,44,40.6
2024-09-02,4798,-0.016818773185891867,25,50,6,25,0.5,0.0021459197586353625,54,37.6
2024-09-03,4798,0.009366953292960322,35,54,7,19,0.35185185185185186,0.016408581488857134,25,38.4
2024-09-04,4798,-0.006150891521137673,35,50,8,15,0.3,0.037862148995811626,35,38.6
2024-09-05,4799,0.00892170079333618,46,64,9,18,0.28125,0.0186909178929227,35,39.0
2024-09-06,4801,-0.018413532830050997,29,61,10,32,0.5245901639344263,0.028331661664474775,46,34.0
2024-09-09,4800,-0.002676148272706194,40,60,5,20,0.3333333333333333,0.018443425440596756,29,37.0
2024-09-10,4800,0.005423200003336268,35,56,4,21,0.375,-0.014584903584089618,40,37.0
2024-09-11,4803,-0.004431368969577925,22,33,4,11,0.3333333333333333,-0.00858091002730959,35,34.4
2024-09-12,4803,-0.0027167785906796514,29,45,5,16,0.35555555555555557,0.03229809260560624,22,31.0
2024-09-13,4803,-0.013233193734126616,33,47,6,14,0.2978723404255319,0.03148781537614437,29,31.8
2024-09-18,4802,-0.0062608182514421904,23,36,4,13,0.3611111111111111,-0.001715504589832227,33,28.4
2024-09-19,4803,0.02230560091221314,51,74,5,23,0.3108108108108108,0.024819161093100985,23,31.6
2024-09-20,4803,-0.003568868893156875,44,59,6,15,0.2542372881355932,0.03517907245862399,51,36.0
2024-09-23,4804,0.0019046895109492926,49,72,7,23,0.3194444444444444,0.033171703851224074,44,40.0
2024-09-24,4807,0.03544707933009531,84,120,8,36,0.3,-0.006550311168401324,49,50.2
2024-09-25,4807,0.011926440756933243,49,113,9,64,0.5663716814159292,0.02725728987381846,84,55.4
2024-09-26,4807,0.0346141330973916,139,168,10,29,0.17261904761904762,0.03565850080817867,49,73.0
2024-09-27,4807,0.049420639460838925,134,218,11,84,0.3853211009174312,0.02475195966383198,139,91.0
2024-09-30,4807,0.10845367483089582,870,1260,12,390,0.30952380952380953,0.0011819472090842248,134,255.2
2024-10-08,4807,0.07776784605990117,676,2832,13,2156,0.7612994350282486,0.00783497518891045,870,373.6
2024-10-09,4807,-0.08960834065705041,37,88,14,51,0.5795454545454546,0.0359152668987216,676,371.2
2024-10-10,4807,0.0016317394452745472,68,129,8,61,0.4728682170542636,-0.04343028881712289,37,357.0
2024-10-11,4808,-0.03943638141154143,32,56,2,24,0.42857142857142855,-0.0019804866518466704,68,336.6
2024-10-14,4808,0.030984231492457232,89,122,2,33,0.27049180327868855,0.008159357391098822,32,180.4
2024-10-15,4809,-0.01627386668707682,40,73,3,33,0.4520547945205479,0.039438860359350715,89,53.2
2024-10-16,4809,0.0037005462130252006,78,97,4,19,0.1958762886597938,0.036256302711369495,40,61.4
2024-10-17,4809,-0.004795934923689606,46,94,5,48,0.5106382978723404,0.014734305835704689,78,57.0
2024-10-18,4809,0.032913477817555395,99,170,6,71,0.4176470588235294,0.027265606674636296,46,70.4
2024-10-21,4808,0.01725500357943158,113,170,7,57,0.3352941176470588,0.03661743127040448,99,75.2
2024-10-22,4808,0.010376758464835855,91,143,8,52,0.36363636363636365,0.009645276035247662,113,85.4
2024-10-23,4807,0.003316170852074325,85,149,9,64,0.42953020134228187,0.022179032441799116,91,86.8
2024-10-24,4806,-0.003544835708625976,76,111,10,35,0.3153153153153153,0.01905991541040103,85,92.8
2024-10-25,4807,0.021739879005496097,138,190,11,52,0.2736842105263158,0.03691187234466076,76,100.6
2024-10-28,4806,0.023595877047534443,192,239,12,47,0.19665271966527198,0.045096927515015046,137,116.4
2024-10-29,4807,-0.019783420884995306,104,197,9,93,0.4720812182741117,0.03885982353336924,192,119.0
2024-10-30,4806,0.000805901502616655,122,172,10,50,0.29069767441860467,0.043942677577153096,104,126.4
2024-10-31,4807,0.014572603479573771,154,268,11,114,0.4253731343283582,0.04515802929130263,122,142.0
2024-11-01,4808,-0.030054798541988604,86,160,12,74,0.4625,0.01962415301081803,154,131.6
2024-11-04,4808,0.02092145786160245,134,174,13,40,0.22988505747126436,-0.0035634192835481485,86,120.0
2024-11-05,4809,0.029458702015214413,154,214,14,60,0.2803738317757009,0.023670711673377417,134,130.0
2024-11-06,4810,0.006622467181429822,117,221,9,104,0.47058823529411764,0.0389359328908273,154,129.0
2024-11-07,4809,0.02375128289747711,168,221,10,53,0.2398190045248869,0.01326302256067564,117,131.8
2024-11-08,4810,0.0018459002008674433,106,188,7,82,0.43617021276595747,0.01307886781858513,168,135.8
2024-11-11,4810,0.02274172963118882,135,208,5,73,0.35096153846153844,0.016122946338446006,105,136.0
2024-11-12,4809,-0.009855656434527342,72,139,6,67,0.48201438848920863,0.008467110304640452,135,119.6
2024-11-13,4810,0.0014597148312816134,58,104,7,46,0.4423076923076923,-0.00310257440476292,72,107.8
2024-11-14,4813,-0.02904744750493907,30,66,8,36,0.5454545454545454,0.025376739464693508,58,80.2
2024-11-15,4813,-0.019886963937106285,55,88,9,33,0.375,0.05344353249476669,30,70.0
2024-11-18,4812,-0.022242094466211292,77,128,10,51,0.3984375,0.052699141863333174,55,58.4
2024-11-19,4813,0.025330029240516708,86,130,11,44,0.3384615384615385,-0.012848631819657189,77,61.2
2024-11-20,4813,0.02087015081444807,127,164,12,37,0.22560975609756098,0.03743472901538262,86,75.0
2024-11-21,4814,0.0030438453218841178,97,143,13,46,0.32167832167832167,0.03039876544661983,127,88.4
2024-11-22,4814,-0.03553778275234234,67,140,10,73,0.5214285714285715,0.06781621400310639,97,90.8
2024-11-25,4813,0.013495983195425571,142,181,11,39,0.2154696132596685,0.04615591637813962,67,103.8
2024-11-26,4813,-0.009122599250828829,81,140,6,59,0.42142857142857143,-0.005898445115194542,142,102.8
2024-11-27,4813,0.016718110863959967,87,115,7,28,0.24347826086956523,-0.004964471535960954,81,94.8
2024-11-28,4812,0.0013741918669676384,81,148,7,67,0.4527027027027027,0.034458827974722404,87,91.6
2024-11-29,4815,0.015531590789098002,116,151,8,35,0.23178807947019867,0.01732615312768146,81,101.4
2024-12-02,4815,0.020953141219507577,146,216,9,70,0.32407407407407407,0.03317041412097958,116,102.2
2024-12-03,4815,0.001967871423642582,101,170,8,69,0.40588235294117647,0.017267463993030367,146,106.2
2024-12-04,4815,-0.013759790460442671,75,136,9,61,0.4485294117647059,0.009931501737678507,101,103.8
2024-12-05,4816,0.012714145450121051,111,148,8,37,0.25,0.031019186985125926,75,109.8
2024-12-06,4814,0.010164381658982334,100,168,9,68,0.40476190476190477,0.022492219980852095,110,106.6
2024-12-09,4813,-0.0013185237341913692,88,140,10,52,0.37142857142857144,0.016390457480093462,100,95.0
2024-12-10,4815,0.007719399017346666,98,176,11,78,0.4431818181818182,0.018869714568533598,88,94.4
2024-12-11,4814,0.013784957539209455,131,169,12,38,0.22485207100591717,0.017269380273302007,98,105.6
2024-12-12,4814,0.010335998498832048,129,180,7,51,0.2833333333333333,0.02470688761163722,130,109.2
2024-12-13,4813,-0.017520265839989838,90,150,6,60,0.4,0.027938159203171473,129,107.2
2024-12-16,4815,-0.005961484710027382,92,168,7,76,0.4523809523809524,0.022772777590025356,90,108.0
2024-12-17,4815,-0.0341373877023316,25,63,5,38,0.6031746031746031,0.0019089623732154587,92,93.4
2024-12-18,4817,0.006125747218038068,91,127,6,36,0.28346456692913385,0.07365901260191368,25,85.4
2024-12-19,4817,0.0006247598105651676,63,102,7,39,0.38235294117647056,-0.0005796489943485023,91,72.2
2024-12-20,4818,0.010965162734504182,74,111,8,37,0.3333333333333333,-0.00058181125359477,63,69.0
2024-12-23,4819,-0.039154603279071,25,49,4,24,0.4897959183673469,0.01887816896824718,74,55.6
2024-12-24,4818,0.0100293445979501,65,98,5,33,0.336734693877551,0.03230853192650997,25,63.6
2024-12-25,4817,-0.018252743224455716,34,54,5,20,0.37037037037037035,0.012752092993900373,65,52.2
2024-12-26,4819,0.012563968214797772,87,118,6,31,0.2627118644067797,0.04703407677577449,34,57.0
2024-12-27,4818,0.006887887422896392,63,102,6,39,0.38235294117647056,-0.008819319806448116,86,54.8
2024-12-30,4817,-0.008821409548634923,38,64,4,26,0.40625,0.024650292471448197,63,57.4
2024-12-31,4817,-0.025137256144499732,40,63,5,23,0.36507936507936506,0.04207702992357401,38,52.4
2025-01-02,4816,-0.018746867895188712,54,100,6,46,0.46,0.03880765596744509,40,56.4
2025-01-03,4817,-0.03581302986246902,43,67,7,24,0.3582089552238806,0.028989120288445205,54,47.6
2025-01-06,4817,-0.003915983882531009,56,83,4,27,0.3253012048192771,0.02689629930175969,43,46.2
2025-01-07,4818,0.021534980266604522,85,111,5,26,0.23423423423423423,0.005676546910661464,56,55.6
2025-01-08,4819,-0.0013916423562750119,57,85,6,28,0.32941176470588235,0.0339734015107921,85,59.0
2025-01-09,4819,0.002772076101216953,79,103,7,24,0.23300970873786409,0.03196294123203794,57,64.0
2025-01-10,4819,-0.02642530289432611,34,81,7,47,0.5802469135802469,0.005203340847233579,79,62.2
2025-01-13,4820,0.002227486566672525,43,67,8,24,0.3582089552238806,-0.008556287232668644,34,59.6
2025-01-14,4819,0.045381704470747644,119,157,9,38,0.24203821656050956,0.01391991989803678,42,66.4
2025-01-15,4821,-0.004231337025374717,58,90,10,32,0.35555555555555557,0.025910128821118976,119,66.6
2025-01-16,4821,0.005813921079653058,62,93,6,31,0.3333333333333333,0.02541892447637074,58,63.2
2025-01-17,4822,0.0019287493211973168,52,78,7,26,0.3333333333333333,-0.0048721593425003935,62,66.8
2025-01-20,4822,0.009598201464355331,63,104,5,41,0.3942307692307692,0.005364583505873375,52,70.8
2025-01-21,4823,-0.0003811910875417904,43,77,4,34,0.44155844155844154,0.016191526360123873,63,55.6
2025-01-22,4823,-0.009970928348786299,37,60,5,23,0.38333333333333336,0.018951575130919735,43,51.4
2025-01-23,4822,-0.0013612170998299146,36,74,5,38,0.5135135135135135,0.010813788016250226,37,46.2
2025-01-24,4822,0.012146857402768057,60,75,6,15,0.2,0.0024963706112876953,36,47.8
2025-01-27,4823,-0.009629522013122267,40,66,6,26,0.3939393939393939,0.002621858103922071,60,43.2
2025-02-05,4824,0.00918578278641284,61,101,5,40,0.39603960396039606,0.01740504291817349,40,46.8
2025-02-06,4824,0.022019766308832327,80,111,6,31,0.27927927927927926,0.029229480899837488,61,55.4
2025-02-07,4824,0.012811284778136141,70,123,7,53,0.43089430894308944,0.03539416606329636,80,62.2
2025-02-10,4826,0.01679041685684505,102,134,8,32,0.23880597014925373,0.027261510885592158,70,70.6
2025-02-11,4825,-0.0029207146069904445,67,103,9,36,0.34951456310679613,0.01792239881173707,102,76.0
2025-02-12,4825,0.010185921525132105,74,103,10,29,0.2815533980582524,0.013435008827251842,67,78.6
2025-02-13,4826,-0.009954333224488904,49,93,7,44,0.4731182795698925,0.02964472276710369,74,72.4
2025-02-14,4826,0.003024059009804909,68,101,8,33,0.32673267326732675,0.019017836300175676,49,72.0
2025-02-17,4827,0.011760868963974906,87,160,9,73,0.45625,0.0237367325286335,68,69.0
2025-02-18,4827,-0.02282944328826869,40,72,6,32,0.4444444444444444,0.028852249032327783,87,63.6
2025-02-19,4828,0.02161055649213999,101,133,6,32,0.24060150375939848,0.014622449609166137,40,69.0
2025-02-20,4828,0.009471558619145145,89,118,7,29,0.2457627118644068,0.018759263783186632,101,77.0
2025-02-21,4827,0.008846661336753096,99,129,8,30,0.23255813953488372,0.012502444047624878,89,83.2
2025-02-24,4828,0.003335058237510336,74,118,6,44,0.3728813559322034,0.010623703894792209,99,80.6
2025-02-25,4826,-0.004096175675224546,53,94,5,41,0.43617021276595747,0.015120094915442684,74,83.2
2025-02-26,4826,0.014189982175362431,87,139,4,52,0.37410071942446044,0.01640306699768651,53,80.4
2025-02-27,4826,-0.0012640737018727497,70,89,5,19,0.21348314606741572,0.008450407460747881,87,76.6
2025-02-28,4827,-0.03147564152203238,33,63,6,30,0.47619047619047616,0.01781607400185097,70,63.4
2025-03-03,4826,0.004599908575307383,54,94,4,40,0.425531914893617,-0.0022346784714897187,33,59.4
2025-03-04,4827,0.012773541620558352,69,87,4,18,0.20689655172413793,-0.0040872681411332264,54,62.6
2025-03-05,4826,0.0025441821772091123,60,84,5,24,0.2857142857142857,0.017882598702121208,69,57.2
2025-03-06,4827,0.017148321603440157,95,135,4,40,0.2962962962962963,0.015419171380731674,60,62.2
2025-03-07,4827,-0.0043314418766320665,50,97,5,47,0.4845360824742268,0.009179268974120691,95,65.6
2025-03-10,4826,0.005459243525429962,71,96,5,25,0.2604166666666667,-0.0018819028798638324,50,69.0
2025-03-11,4827,0.004151606585564175,47,68,6,21,0.3088235294117647,0.017531852261468705,71,64.6
2025-03-12,4827,0.0043013088498653415,73,124,7,51,0.4112903225806452,0.02611939972970149,47,67.2
2025-03-13,4827,-0.011158909746514683,38,55,8,17,0.3090909090909091,0.006026277163278602,73,55.8
2025-03-14,4827,0.017053302070072218,75,104,9,29,0.27884615384615385,-6.262655938378547e-05,38,60.8
2025-03-17,4829,0.005395347710217576,58,86,5,28,0.32558139534883723,0.01581075566802844,75,58.2
2025-03-18,4831,0.005529150959479825,59,87,6,28,0.3218390804597701,0.016863130439387385,58,60.6
2025-03-19,4830,-0.004619459589927877,41,67,6,26,0.3880597014925373,0.017726904176787392,58,54.2
2025-03-20,4831,-0.0007084733954651317,58,90,7,32,0.35555555555555557,0.04855818174153787,41,58.2
2025-03-21,4833,-0.016177301834183394,42,71,7,29,0.4084507042253521,0.026837394323205675,58,51.6
2025-03-24,4832,-0.015099517652472624,42,69,5,27,0.391304347826087,0.023325941083102278,42,48.4
2025-03-25,4833,-0.0035963842319870275,45,77,3,32,0.4155844155844156,0.022921091811569802,42,45.6
2025-03-26,4833,0.00946879704220092,61,91,4,30,0.32967032967032966,0.009718814254757981,45,49.6
2025-03-27,4832,-0.004567880480081568,44,70,5,26,0.37142857142857144,-0.010887828380109522,61,46.8
2025-03-28,4833,-0.012787998524225097,31,63,3,32,0.5079365079365079,0.00400978743942196,44,44.6
2025-03-31,4834,-0.010535695032982783,31,51,4,20,0.39215686274509803,0.03208251422338509,31,42.4
2025-04-01,4835,0.011250424949381485,51,89,4,38,0.42696629213483145,0.02005282809105463,31,43.6
2025-04-02,4836,0.002539664251630059,38,65,5,27,0.4153846153846154,-0.00015467473416947396,51,39.0
2025-04-03,4836,-0.006811961741098847,46,68,3,22,0.3235294117647059,0.03847960947247008,38,39.4
2025-04-07,4835,-0.11040252703412795,21,36,4,15,0.4166666666666667,0.1040359838973908,46,37.4
2025-04-08,4836,0.0046614737127157425,110,137,5,27,0.19708029197080293,0.09424484753694666,21,53.2
2025-04-09,4836,0.024447733912782692,101,147,6,46,0.3129251700680272,0.01173263516940189,110,63.2
2025-04-10,4836,0.027384035588798143,140,204,6,64,0.3137254901960784,0.018959657346259803,101,83.6
2025-04-11,4837,0.008669733712109239,73,113,6,40,0.35398230088495575,-0.005678024019953114,140,89.0
2025-04-14,4837,0.017906606509967338,90,130,7,40,0.3076923076923077,0.00997602878771239,73,102.8
2025-04-15,4837,0.00017269542202438587,46,77,4,31,0.4025974025974026,-0.005284132950013981,90,90.0
2025-04-16,4837,-0.013849337225011112,39,56,5,17,0.30357142857142855,0.031605936766156494,46,77.6
2025-04-17,4836,0.006247212138043867,83,111,6,28,0.25225225225225223,0.034781219122092984,39,66.2
2025-04-18,4837,-0.0018650134779956329,50,79,5,29,0.3670886075949367,0.00020864891040211727,83,61.6
2025-04-21,4839,0.018091902965986183,97,128,6,31,0.2421875,0.014651445046559766,50,63.0
2025-04-22,4839,0.0019203455631882885,74,100,6,26,0.26,0.02030789387711016,96,68.6
2025-04-23,4840,0.00702033962317139,54,94,4,40,0.425531914893617,-0.019735055055526057,74,71.6
2025-04-24,4840,-0.006855850604996945,49,78,5,29,0.3717948717948718,0.016761079803885654,54,64.8
2025-04-25,4839,0.0025454346129731706,63,98,6,35,0.35714285714285715,0.0007556390442076404,49,67.4
2025-04-28,4835,-0.011925161756305891,39,63,4,24,0.38095238095238093,0.005866059749084887,62,55.8
2025-04-29,4828,0.008773053079959228,55,85,4,30,0.35294117647058826,0.006224262136877623,37,52.0
2025-04-30,4834,0.008674672083371112,59,88,4,29,0.32954545454545453,0.0013335736219835092,55,53.0
2025-05-06,4842,0.027097562444938984,87,118,5,31,0.2627118644067797,0.018297091069850755,59,60.6
2025-05-07,4842,0.006896627753747944,57,105,6,48,0.45714285714285713,0.024508758132815254,87,59.4
2025-05-08,4842,0.010348744259483495,58,81,4,23,0.2839506172839506,0.00759518167955211,57,63.2
2025-05-09,4843,-0.010670302961896621,30,57,4,27,0.47368421052631576,0.006577806468133021,58,58.2
2025-05-12,4843,0.013085740176864407,44,70,5,26,0.37142857142857144,0.0016074363305593892,30,55.2
2025-05-13,4844,-0.0013795922700256048,44,73,5,29,0.3972602739726027,0.014847234672259148,44,46.6
2025-05-14,4844,0.0013394506698674532,56,84,6,28,0.3333333333333333,0.045105460634071406,44,46.4
2025-05-15,4845,-0.00907541660839993,43,66,7,23,0.3484848484848485,0.0324342052270976,56,43.4
2025-05-16,4845,0.0053557342461364255,54,87,8,33,0.3793103448275862,0.012635931906624143,43,48.2
2025-05-19,4844,0.008414303100847396,72,98,9,26,0.2653061224489796,0.03536904566021619,54,53.8
2025-05-20,4846,0.009566300143193103,69,114,4,45,0.39473684210526316,0.025677580700708892,72,58.8
2025-05-21,4844,-0.004173854426872865,50,75,5,25,0.3333333333333333,0.02387339553541488,69,57.6
2025-05-22,4844,-0.011437698823455442,35,67,4,32,0.47761194029850745,0.025022743671624336,50,56.0
2025-05-23,4846,-0.009786064377865271,40,73,5,33,0.4520547945205479,0.027971081113626648,35,53.2
2025-05-26,4847,0.008639114448124135,54,83,4,29,0.3493975903614458,0.013973024694625535,40,49.6
2025-05-27,4847,0.0021449706010018173,56,81,5,25,0.30864197530864196,0.0369876553699138,54,47.0
2025-05-28,4847,-0.0028040759563155134,52,77,5,25,0.3246753246753247,0.021970482962155563,56,47.4
2025-05-29,4849,0.01630559946061019,95,115,6,20,0.17391304347826086,0.017499436088335315,52,59.4
2025-05-30,4850,-0.012697067199799824,35,58,4,23,0.39655172413793105,0.0034115303005609245,95,58.4
2025-06-03,4848,0.008509517209669089,65,98,4,33,0.336734693877551,0.036217809598894014,35,60.6
2025-06-04,4850,0.010267165602344126,65,104,5,39,0.375,0.01874220742972458,65,62.4
2025-06-05,4848,0.0036940820556520828,60,84,4,24,0.2857142857142857,-0.0054596808684928295,64,64.0
2025-06-06,4850,0.0009595583243265107,48,81,5,33,0.4074074074074074,0.009510145626882368,60,54.6
2025-06-09,4850,0.012378912957846117,63,100,6,37,0.37,0.019531874385050097,48,60.2
2025-06-10,4849,-0.007506819841378743,43,74,7,31,0.4189189189189189,0.03596953424334847,63,55.8
2025-06-11,4850,0.005615447795469581,46,78,6,32,0.41025641025641024,0.017124222580661572,43,52.0
2025-06-12,4851,0.0020671143792807614,56,73,7,17,0.2328767123287671,0.03127320149184659,46,51.2
2025-06-13,4850,-0.016983553813064305,45,63,5,18,0.2857142857142857,-0.0035937395903795355,56,50.6
2025-06-16,4853,0.008458334765369288,50,75,4,25,0.3333333333333333,0.027408547291797605,45,48.0
2025-06-17,4855,-0.0009771714920959915,41,67,3,26,0.3880597014925373,0.013159097220141533,50,47.6
2025-06-18,4855,-0.0031273779813005146,33,59,4,26,0.4406779661016949,0.010436725436515755,41,45.0
2025-06-19,4855,-0.016793439480127674,28,47,5,19,0.40425531914893614,0.030519512804300042,33,39.4
2025-06-20,4856,-0.0064437636245713355,41,60,6,19,0.31666666666666665,0.01887245576278234,28,38.6
2025-06-23,4855,0.015596779148099,66,84,7,18,0.21428571428571427,0.030288592997134583,41,41.8
2025-06-24,4856,0.01937535321843286,59,82,6,23,0.2804878048780488,-0.0049267822632111,65,45.4
2025-06-25,4856,0.009475029709296368,58,84,7,26,0.30952380952380953,0.026367138806222573,59,50.4
2025-06-26,4856,-0.0023949651253242356,50,81,5,31,0.38271604938271603,0.028241266083742174,58,54.8
2025-06-27,4856,0.00530052428551361,51,86,4,35,0.4069767441860465,0.0002575412296144221,50,56.8
2025-06-30,4853,0.013406958711650716,74,97,5,23,0.23711340206185566,0.030802169794159222,51,58.4
2025-07-01,4854,0.0037047615038280153,56,93,4,37,0.3978494623655914,0.020378201550276653,74,57.8
2025-07-02,4853,-0.004588634502032657,57,84,5,27,0.32142857142857145,0.0023265682280723017,56,57.6
2025-07-03,4854,0.005982185713841675,57,77,6,20,0.2597402597402597,0.007417861078246514,57,59.0
2025-07-04,4854,-0.007915616522231245,34,63,4,29,0.4603174603174603,0.010773168840027518,57,55.6
2025-07-07,4855,0.00648192668006328,60,77,3,17,0.22077922077922077,0.03308433886050935,34,52.8
2025-07-08,4854,0.011774542894534173,61,83,4,22,0.26506024096385544,0.016180452164948927,60,53.8
2025-07-09,4856,-0.0010042906746726985,51,85,5,34,0.4,0.035055442881331396,61,52.6
2025-07-10,4855,0.0021828660424396823,58,84,6,26,0.30952380952380953,0.02909471837400964,51,52.8
2025-07-11,4857,0.0038852345778231713,56,85,5,29,0.3411764705882353,0.020415080188644297,58,57.2
2025-07-14,4859,0.005755523166461255,61,88,4,27,0.3068181818181818,0.017828858052136548,56,57.4
2025-07-15,4858,-0.007404200227953878,43,68,5,25,0.36764705882352944,0.021989442589635946,61,53.8
2025-07-16,4858,0.005568277705761397,52,75,6,23,0.30666666666666664,0.021980437494017412,43,54.0
2025-07-17,4860,0.009312735961383671,55,86,7,31,0.36046511627906974,0.022041669440660563,52,53.4
2025-07-18,4860,0.002466401417529564,40,62,8,22,0.3548387096774194,0.01997961417283333,55,50.2
2025-07-21,4861,0.01309470349439667,110,145,9,35,0.2413793103448276,0.018111359251210893,40,60.0
2025-07-22,4861,0.0032709380633295696,93,118,10,25,0.211864406779661,0.056903880387548456,110,70.0
2025-07-23,4862,-0.006374114364959327,50,106,4,56,0.5283018867924528,0.01638142874278018,93,69.6
2025-07-24,4862,0.012336064436591927,69,91,4,22,0.24175824175824176,0.013970727797193782,49,72.4
2025-07-25,4864,0.0022767136355195134,44,78,5,34,0.4358974358974359,-0.006598576166230498,69,73.2
2025-07-28,4863,0.005136556335676538,55,80,6,25,0.3125,0.003563517267040339,44,62.2
2025-07-29,4865,0.002447690059500421,37,62,7,25,0.4032258064516129,0.011422069978193124,55,51.0
2025-07-30,4866,-0.0048161719099791755,45,71,8,26,0.36619718309859156,0.03678337741794286,37,50.0
2025-07-31,4863,-0.010463834773247416,40,70,9,30,0.42857142857142855,0.023976269991783858,44,44.2
2025-08-01,4863,0.004844373669459584,40,70,3,30,0.42857142857142855,0.010275414173469513,40,43.4
2025-08-04,4865,0.012116889547867191,52,72,4,20,0.2777777777777778,0.018253784181413785,40,42.8
2025-08-05,4867,0.00897037423867158,52,75,4,23,0.30666666666666664,0.02180117438268507,52,45.8
2025-08-06,4868,0.007949685951425069,55,77,5,22,0.2857142857142857,0.017785307546007375,52,47.8
2025-08-07,4869,0.0001891486235742615,55,76,5,21,0.27631578947368424,0.030834377775800424,55,50.8
2025-08-08,4869,0.00011546441075732398,56,88,5,32,0.36363636363636365,0.003088851086965771,55,54.0
2025-08-11,4868,0.014692074544851844,74,108,3,34,0.3148148148148148,0.022429188741364993,56,58.4
2025-08-12,4869,0.00022207550905871198,46,71,4,25,0.352112676056338,0.021871298527141526,74,57.2
2025-08-13,4868,0.006941281800880663,86,122,5,36,0.29508196721311475,0.04711262582276174,46,63.4
2025-08-14,4869,-0.017246949751734117,42,81,4,39,0.48148148148148145,0.022766001348218594,86,60.8
2025-08-15,4870,0.017593853540693122,81,121,5,40,0.3305785123966942,0.029316024497633625,42,65.8
2025-08-18,4869,0.01486524577486333,90,148,6,58,0.3918918918918919,0.03772061877321537,81,69.0
2025-08-19,4869,0.004997607698589261,82,129,4,47,0.3643410852713178,0.030606273999255893,90,76.2
2025-08-20,4867,0.00756757651347522,84,109,5,25,0.22935779816513763,0.0016771411727467024,81,75.8
2025-08-21,4867,-0.0027356612747562684,39,75,5,36,0.48,-0.009020191752043574,84,75.2
2025-08-22,4869,0.0070844257742233565,67,83,6,16,0.1927710843373494,0.018917159923378113,39,72.4
2025-08-25,4871,0.010654919567115425,71,118,6,47,0.3983050847457627,0.020981979870374395,67,68.6
2025-08-26,4871,0.0025372092624856603,65,99,7,34,0.3434343434343434,0.018627064127971098,71,65.2
2025-08-27,4874,-0.023656018291779903,41,90,4,49,0.5444444444444444,0.024015201931150407,65,56.6
2025-08-28,4873,0.006673937692285564,51,80,5,29,0.3625,0.020761642266516646,41,59.0
2025-08-29,4873,-0.002224357678012965,62,87,6,25,0.28735632183908044,0.027071092606838612,51,58.0
2025-09-01,4872,0.009499344526282535,92,125,7,33,0.264,0.027344403746967023,62,62.2
2025-09-02,4873,-0.016869936098359566,41,84,8,43,0.5119047619047619,0.012144950672263257,92,57.4
2025-09-03,4876,-0.018576847772246736,28,65,9,37,0.5692307692307692,0.02150285933166105,41,54.8
2025-09-04,4876,-0.00920068675632955,34,61,3,27,0.4426229508196721,-5.920843274217699e-05,27,51.4
2025-09-05,4876,0.023789954130828822,86,107,4,21,0.19626168224299065,-0.007813026270417689,34,56.2
2025-09-08,4877,0.013534043446037489,65,94,4,29,0.30851063829787234,0.019417017343539338,86,50.8
2025-09-09,4880,-0.009663919992163929,44,72,10,28,0.3888888888888889,0.02157657016655644,65,51.4
2025-09-10,4880,0.001900878955147494,46,71,11,25,0.352112676056338,0.02428512880428632,44,55.0
2025-09-11,4878,0.015812223448105418,84,107,3,23,0.21495327102803738,0.012862782749531062,45,65.0
2025-09-12,4879,-0.00019748252394663246,61,86,4,25,0.29069767441860467,0.030526342237608618,84,60.0
2025-09-15,4877,-0.000820599720972199,63,97,5,34,0.35051546391752575,0.013390773885424978,60,59.6
2025-09-16,4877,0.01104198731743956,65,100,4,35,0.35,0.011588955979875498,63,63.8
2025-09-17,4876,0.003705024443182393,60,86,4,26,0.3023255813953488,0.025552498377932525,65,66.6
2025-09-18,4876,-0.013379951034429705,52,119,12,67,0.5630252100840336,0.038692818156647386,60,60.2
2025-09-19,4876,-0.004690421307308016,49,76,13,27,0.35526315789473684,-0.007533569334966276,52,57.8
2025-09-22,4876,0.0019521433368617494,63,89,14,26,0.29213483146067415,0.007681435306863359,49,57.8
2025-09-23,4876,-0.011649271615921336,44,67,15,23,0.34328358208955223,0.043958815743382215,63,53.6
2025-09-24,4874,0.015811176693859934,73,103,4,30,0.2912621359223301,0.0077219354494419135,43,56.2
2025-09-25,4875,-0.004873927927217377,42,62,5,20,0.3225806451612903,0.012607392196230902,73,54.2
2025-09-26,4874,-0.008404770253809127,41,69,5,28,0.4057971014492754,0.002510201071406897,41,52.6
2025-09-29,4872,0.009475045635492963,53,80,6,27,0.3375,-0.00967427113996425,41,50.6
2025-09-30,4872,0.0047690806263741255,48,75,7,27,0.36,0.01661027821373284,53,51.4
2025-10-09,4871,0.00794305708948342,83,130,3,47,0.36153846153846153,0.0053957122275508605,47,53.4
2025-10-10,4872,-0.003713649205378381,55,86,3,31,0.36046511627906974,0.018975124863184235,83,56.0
2025-10-13,4874,-0.0032047212114335406,57,79,4,22,0.27848101265822783,0.018011406526551012,55,59.2
2025-10-14,4878,-0.011558221993091037,36,87,4,51,0.5862068965517241,0.03726488000040222,57,55.8
2025-10-15,4878,0.01423730532811374,60,76,3,16,0.21052631578947367,-0.00984483219972837,36,58.2
2025-10-16,4880,-0.009942757421431601,37,57,3,20,0.3508771929824561,0.02321095140843009,60,49.0
2025-10-17,4882,-0.02285746299010514,35,54,4,19,0.35185185185185186,0.037979519743187695,37,45.0
2025-10-20,4880,0.012602653614358009,72,99,5,27,0.2727272727272727,0.01937818140241656,34,48.0
2025-10-21,4882,0.016334363561203144,69,94,6,25,0.26595744680851063,-0.002743725856600472,72,54.6
2025-10-22,4881,-0.001981945153431461,51,78,7,27,0.34615384615384615,0.023999453153646513,69,52.8
2025-10-23,4883,0.0018014462627485737,54,77,8,23,0.2987012987012987,-0.009784091743569319,51,56.2
2025-10-24,4883,0.006973665581018179,50,75,4,25,0.3333333333333333,-0.026094432738997354,54,59.2
2025-10-27,4881,0.008195682632490887,51,87,5,36,0.41379310344827586,0.020313668761848543,49,55.0
2025-10-28,4879,0.00043414086473629387,51,75,6,24,0.32,0.03108027213114223,51,51.4
2025-10-29,4880,0.003127895158203441,54,88,6,34,0.38636363636363635,0.006928734430191313,51,52.0
2025-10-30,4882,-0.011239242731496903,43,62,7,19,0.3064516129032258,0.024535957344291377,54,49.8
2025-10-31,4882,0.008360158553378244,54,96,8,42,0.4375,-0.0011107479807826639,43,50.6
2025-11-03,4884,0.007577843143006472,60,91,5,31,0.34065934065934067,0.019826156778117703,54,52.4
2025-11-04,4884,-0.007426417199088065,45,68,6,23,0.3382352941176471,0.03736149642113705,60,51.2
2025-11-05,4883,0.006843593742207282,60,91,7,31,0.34065934065934067,0.02701091848293627,45,52.4
2025-11-06,4884,0.005468488665151394,59,101,8,42,0.4158415841584158,0.005127319996032972,60,55.6
2025-11-07,4884,-0.0014000965506176504,48,82,9,34,0.4146341463414634,0.02953834853338587,59,54.4
2025-11-10,4887,0.006806366899537528,63,112,5,49,0.4375,0.021390884069706552,48,55.0
2025-11-11,4889,0.002194825388264456,62,92,6,30,0.32608695652173914,0.030162489044459406,63,58.4
2025-11-12,4890,-0.004924711560849878,52,80,7,28,0.35,0.024415038770842012,62,56.8
2025-11-13,4890,0.01105883343967589,80,129,8,49,0.3798449612403101,0.026754414806657044,52,61.0
2025-11-14,4888,-0.00407302036344103,66,99,7,33,0.3333333333333333,0.017394282485263264,80,64.6
2025-11-17,4888,0.0021292447006472015,79,107,8,28,0.2616822429906542,0.02230808195332641,66,67.8
2025-11-18,4888,-0.011024005597215994,40,68,6,28,0.4117647058823529,0.008690697679577572,77,63.4
2025-11-19,4891,-0.01151809257339696,52,78,6,26,0.3333333333333333,0.042304039049839946,40,63.4
2025-11-20,4893,-0.007474804492464514,36,79,7,43,0.5443037974683544,-0.008297760770713807,52,54.6
2025-11-21,4895,-0.037216809915652155,25,45,6,20,0.4444444444444444,0.026689515174403627,36,46.4
2025-11-24,4892,0.015027274750062622,62,88,7,26,0.29545454545454547,0.03223019335034166,25,43.0
2025-11-25,4892,0.013495056712092921,71,101,5,30,0.297029702970297,0.011431889114115645,61,49.2
2025-11-26,4891,-0.0035071997495189746,60,90,4,30,0.3333333333333333,0.030568969718256716,71,50.8
2025-11-27,4890,0.003153725410204397,49,86,4,37,0.43023255813953487,-0.015559198686165166,60,53.4
2025-11-28,4889,0.012214980564894517,65,94,5,29,0.30851063829787234,-0.003404094975834108,49,61.4
2025-12-01,4890,0.00626440908521316,59,92,6,33,0.358695652173913,0.024960309518979935,65,60.8
2025-12-02,4890,-0.00516878901116457,44,67,7,23,0.34328358208955223,0.02065781181857696,59,55.4
2025-12-03,4896,-0.007308143695250954,45,79,6,34,0.43037974683544306,0.017800725477877685,44,52.4
2025-12-04,4895,-0.007188180478222911,35,64,4,29,0.453125,0.008981711742174521,44,49.6
2025-12-05,4893,0.013963002964398572,63,89,4,26,0.29213483146067415,0.0022428969655989787,35,49.2
2025-12-08,4894,0.009354431267659204,67,107,5,40,0.37383177570093457,0.04519425087063837,62,50.8
2025-12-09,4893,-0.0066245398467893,49,80,6,31,0.3875,0.02887377724763159,66,51.8
2025-12-10,4892,0.0008381132326530129,52,83,6,31,0.37349397590361444,0.01413833115500461,49,53.2
2025-12-11,4892,-0.016282919193007984,30,58,5,28,0.4827586206896552,0.012299869790464255,52,52.2
2025-12-12,4895,0.0031895442994199588,73,88,5,15,0.17045454545454544,0.03246208972126012,30,54.2
2025-12-15,4897,-0.0020732014563389057,57,91,6,34,0.37362637362637363,0.013517085467693866,73,52.2
2025-12-16,4897,-0.016170965541728647,40,63,4,23,0.36507936507936506,0.019888478797049348,57,50.4
2025-12-17,4897,0.008183732667174141,46,70,5,24,0.34285714285714286,-0.008752638057372709,40,49.2
2025-12-18,4898,0.0024117266408346274,55,82,6,27,0.32926829268292684,0.030681490232391983,45,54.2
2025-12-19,4896,0.014514119426947266,68,102,6,34,0.3333333333333333,0.02086229938956769,55,53.2
2025-12-22,4895,0.006473622242480351,78,117,7,39,0.3333333333333333,0.016560641223771502,67,57.4
2025-12-23,4897,-0.004689830488986742,51,79,8,28,0.35443037974683544,0.020251459642537176,78,59.6
2025-12-24,4897,0.012673313985628407,71,96,9,25,0.2604166666666667,0.012101974465783344,50,64.6
2025-12-25,4899,0.00993730735447557,77,102,10,25,0.24509803921568626,0.023276845876998967,71,69.0
2025-12-26,4899,-0.00019080133744140183,75,100,11,25,0.25,0.025415800142974503,77,70.4
2025-12-29,4902,-0.0013105793246396189,71,103,12,32,0.3106796116504854,0.0046970726450828735,75,69.0
2025-12-30,4901,-0.001921170944533518,53,90,10,37,0.4111111111111111,0.009111247901002276,69,69.4
2025-12-31,4901,0.0014969983646348415,52,74,6,22,0.2972972972972973,0.014984942428764138,52,65.6
2026-01-05,4902,0.016513870627748315,92,123,7,31,0.25203252032520324,0.0038256540937581414,52,68.6
2026-01-06,4903,0.012363177595141979,108,140,13,32,0.22857142857142856,0.0423873699256371,92,75.2
2026-01-07,4903,0.002311427722330971,67,121,14,54,0.4462809917355372,0.010644679116817768,106,74.4
2026-01-08,4902,0.010581334213200368,86,129,10,43,0.3333333333333333,0.03189939652142422,67,81.0
2026-01-09,4900,0.01390167550242671,90,148,11,58,0.3918918918918919,0.018249571426475115,85,88.6
2026-01-12,4902,0.02065223504512871,158,234,12,76,0.3247863247863248,0.04387524648847954,90,101.8
2026-01-13,4897,-0.011603128381632253,60,136,13,76,0.5588235294117647,0.020264708571766668,155,92.2
2026-01-14,4897,0.006548710932726144,93,163,5,70,0.4294478527607362,0.03641877367309627,59,97.4
2026-01-15,4898,-0.0035510429056632466,52,77,4,25,0.3246753246753247,-0.01206028603139874,93,90.6
2026-01-16,4900,-0.00015209252628719432,54,102,5,48,0.47058823529411764,-0.00928266629553829,52,83.4
2026-01-19,4904,0.010008025572276872,84,113,14,29,0.25663716814159293,0.01967791016457918,54,68.6
2026-01-20,4908,-0.004535541820129896,53,75,15,22,0.29333333333333333,0.031002831133655578,84,67.2
2026-01-21,4907,0.007741359929093577,79,112,16,33,0.29464285714285715,0.010210420038803462,52,64.4
2026-01-22,4907,0.008205662382605847,74,101,17,27,0.26732673267326734,0.014567126012184019,79,68.8
2026-01-23,4908,0.014425152323811039,92,125,18,33,0.264,0.005384917346473192,74,76.4
2026-01-26,4906,-0.01112183280413052,66,108,5,42,0.3888888888888889,0.010482853356162744,91,72.8
2026-01-27,4908,-0.001186973486040894,51,77,6,26,0.33766233766233766,0.025280981656544337,66,72.4
2026-01-28,4907,-0.005114401578555697,77,118,7,41,0.3474576271186441,0.029287973262894968,51,72.0
2026-01-29,4907,-0.0071038283514847506,82,127,8,45,0.3543307086614173,0.029335181042270935,77,73.6
2026-01-30,4906,-0.0024687059867246806,46,71,5,25,0.352112676056338,-0.015159857044133267,82,64.4
2026-02-02,4908,-0.023613842431876513,36,57,3,21,0.3684210526315789,0.02862913166037015,46,58.4
2026-02-03,4908,0.023313386341575044,67,91,4,24,0.26373626373626374,0.023357068339895405,36,61.6
2026-02-04,4910,0.004788338303345292,64,88,4,24,0.2727272727272727,0.02971674078605654,67,59.0
2026-02-05,4910,-0.008580982252185334,40,54,4,14,0.25925925925925924,0.011547414851043443,64,50.6
2026-02-06,4910,0.0019302185642544672,52,83,4,31,0.37349397590361444,-0.004151674488969761,40,51.8
2026-02-09,4910,0.017608152216695674,79,104,5,25,0.2403846153846154,0.015992278020056278,51,60.4
2026-02-10,4911,0.0002067515281366445,53,72,3,19,0.2638888888888889,0.02394188720658315,79,57.6
2026-02-11,4910,-0.0016848339717709707,49,69,4,20,0.2898550724637681,-0.0023236620509686063,53,54.6
2026-02-12,4914,0.0001639903663422083,58,77,4,19,0.24675324675324675,0.027827120175421733,49,58.2
2026-02-13,4912,-0.006928788786167115,32,43,5,11,0.2558139534883721,-0.00903164814883272,58,54.2
2026-02-24,4913,0.012974319501500697,86,136,4,50,0.36764705882352944,0.012918090661174216,32,55.6
2026-02-25,4911,0.01015878871182684,69,104,5,35,0.33653846153846156,0.022462712452957362,86,58.8
2026-02-26,4911,0.0034333827146408183,57,83,6,26,0.3132530120481928,0.00942991069738507,69,60.4
2026-02-27,4913,0.007416054091048299,74,89,7,15,0.16853932584269662,0.019201123062639342,57,63.6
2026-03-02,4913,-0.016102975836265278,87,119,3,32,0.2689075630252101,0.043509631683420674,74,74.6
2026-03-03,4913,-0.033320600074102286,72,104,3,32,0.3076923076923077,0.0632834648688678,87,71.8
2026-03-04,4913,-0.0054544401691726105,37,59,4,22,0.3728813559322034,-0.028841104240546735,72,65.4
2026-03-05,4914,0.011922820051377774,61,95,2,34,0.35789473684210527,0.010185555107168513,37,66.2
2026-03-06,4914,0.01588638464293097,68,97,3,29,0.29896907216494845,0.0026414357993722257,61,65.0
2026-03-09,4919,-0.0073662575349669095,40,79,4,39,0.4936708860759494,0.020813369449648112,68,55.6
2026-03-10,4917,0.01805430921824841,53,78,5,25,0.32051282051282054,0.016178173795947402,40,51.8
2026-03-11,4919,-0.0006796423542748814,49,75,4,26,0.3466666666666667,0.02667429489835285,53,54.2
2026-03-12,4919,-0.007092482299375734,47,72,4,25,0.3472222222222222,0.02584166043101725,49,51.4
2026-03-13,4919,-0.0090169175784765,53,78,5,25,0.32051282051282054,0.01150040094175078,47,48.4
2026-03-16,4920,0.0011318692993401494,40,62,3,22,0.3548387096774194,-0.023364886759877825,53,48.4
2026-03-17,4919,-0.019266560617824217,32,48,4,16,0.3333333333333333,0.03160127554762195,40,44.2
2026-03-18,4919,0.010884112395983135,50,72,3,22,0.3055555555555556,-0.006848802419561326,32,44.4
2026-03-19,4919,-0.023764689964676455,27,42,4,15,0.35714285714285715,0.036806060085889554,50,40.4
2026-03-20,4919,-0.022858477573781476,27,54,5,27,0.5,0.02813304598123714,27,35.2
2026-03-23,4921,-0.05152919353157094,25,46,6,21,0.45652173913043476,0.03964390244532589,27,32.2
2026-03-24,4918,0.03445228034978801,79,105,7,26,0.24761904761904763,-0.0009562910243915701,25,41.6
2026-03-25,4918,0.019837837388570628,80,101,8,21,0.2079207920792079,0.028214373997302904,79,47.6
2026-03-26,4917,-0.014572791896010009,36,60,3,24,0.4,0.01922979913445736,79,49.4
2026-03-27,4914,0.01464161053279414,74,96,4,22,0.22916666666666666,0.002248896864808338,35,58.8
2026-03-30,4913,0.003348029843687102,60,79,5,19,0.24050632911392406,0.014199568501352608,74,65.8
2026-03-31,4914,-0.014759887836107294,49,68,4,19,0.27941176470588236,0.023541404597925582,59,59.8
2026-04-01,4915,0.017064742959740028,51,95,4,44,0.4631578947368421,-0.026989288622337813,49,54.0
2026-04-02,4915,-0.015958144886878304,26,47,5,21,0.44680851063829785,0.019356000691218837,51,52.0
2026-04-03,4915,-0.0205758738788509,32,46,6,14,0.30434782608695654,0.019537958726960163,26,43.6
2026-04-07,4916,0.014290690653819455,87,120,7,33,0.275,0.009124247305380723,32,49.0
2026-04-08,4918,0.0391898405892807,116,140,4,24,0.17142857142857143,-0.020930951430576362,87,62.4
2026-04-09,4919,-0.01033791082811281,52,70,5,18,0.2571428571428571,0.027925035065563594,116,62.6
2026-04-10,4920,0.008919352301632951,56,84,4,28,0.3333333333333333,0.009096135930381407,52,68.6
2026-04-13,4921,0.0014896707776955228,55,76,5,21,0.27631578947368424,0.026697009982098723,56,73.2
2026-04-14,4922,0.010166848428546219,52,75,6,23,0.30666666666666664,0.014948804754399848,55,66.2
2026-04-15,4921,-0.0036482098933024428,55,85,5,30,0.35294117647058826,0.010203965217480262,52,54.0
2026-04-16,4921,0.014809286683416316,72,94,6,22,0.23404255319148937,0.005369843789974441,55,58.0
2026-04-17,4921,0.0016037581199938816,63,88,7,25,0.2840909090909091,0.02441627237915425,72,59.4
2026-04-20,4920,0.007782832817393539,74,94,6,20,0.2127659574468085,0.024900725234169106,63,63.2
2026-04-21,4922,-0.0019456496188722794,49,64,4,15,0.234375,0.006041181896144012,74,62.6
2026-04-22,4920,0.005622522306103937,54,79,4,25,0.31645569620253167,0.01683219842018973,49,62.4
2026-04-23,4920,-0.01087122545945965,48,73,5,25,0.3424657534246575,0.030859072446890172,54,57.6
2026-04-24,4921,-0.004452748572802476,54,81,3,27,0.3333333333333333,0.0019710693267895245,48,55.8
2026-04-27,4921,0.008353512706727803,61,93,4,32,0.34408602150537637,0.00022568787352757365,54,53.2
2026-04-28,4923,-0.00942111081368017,56,70,5,14,0.2,0.02388507826332078,61,54.6
2026-04-29,4923,0.012961778433133007,94,123,3,29,0.23577235772357724,-0.0013236147181083374,56,62.6
2026-04-30,4922,0.004274302723197802,77,100,4,23,0.23,0.01809720427109379,94,68.4
2026-05-06,4922,0.015403896966370794,93,134,4,41,0.30597014925373134,0.015998876688374,77,76.2
2026-05-07,4923,0.012098280205747249,95,131,5,36,0.2748091603053435,0.02841555452090748,93,83.0
2026-05-08,4923,0.008992540846481515,91,116,4,25,0.21551724137931033,0.018152897810347998,95,90.0
2026-05-11,4922,0.010098941433723295,91,130,5,39,0.3,0.014689811982471873,90,89.4
2026-05-12,4918,-0.009614691981041682,55,84,5,29,0.34523809523809523,0.0270847753886424,91,85.0
2026-05-13,4922,0.009496033224876464,110,142,6,32,0.22535211267605634,0.03163268119206879,55,88.4
2026-05-14,4923,-0.016980683767485884,55,94,5,39,0.4148936170212766,0.01655755162666149,109,80.4
2026-05-15,4923,-0.005573684664289436,51,96,6,45,0.46875,-0.0004961523525467137,55,72.4
2026-05-18,4927,0.0008553310605162784,77,114,6,37,0.32456140350877194,0.010447650422598457,51,69.6
2026-05-19,4927,0.009381848916249259,85,102,7,17,0.16666666666666666,0.02557242956288933,77,75.6
2026-05-20,4927,-0.005892228981579168,61,80,8,19,0.2375,0.004756784728488907,85,65.8
2026-05-21,4932,-0.02867662769523241,35,111,7,76,0.6846846846846847,0.02124270205477752,61,61.8
2026-05-22,4931,0.017653306359074496,111,143,3,32,0.22377622377622378,0.014306194443653154,35,73.8
2026-05-25,4931,0.0008739811724268056,99,144,4,45,0.3125,0.03975610002114103,111,78.2
2026-05-26,4931,-0.012748600827644493,47,86,3,39,0.45348837209302323,0.0283535620441947,99,70.6
2026-05-27,4931,-0.019352835899435754,46,78,3,32,0.41025641025641024,0.030874748122870534,47,67.6
2026-05-28,4930,0.005743574485850917,99,124,4,25,0.20161290322580644,0.0031414287352360066,46,80.4
2026-05-29,4929,-0.022771470872401993,47,94,5,47,0.5,0.013339910795551246,99,67.6
2026-06-01,4929,0.009615081739073843,115,165,4,50,0.30303030303030304,0.016765022308418406,47,70.8
2026-06-02,4929,-0.009300826632700009,62,90,3,28,0.3111111111111111,0.013702455365541325,115,73.8
2026-06-03,4931,-0.003793082918906809,64,127,3,63,0.49606299212598426,0.029542391422196935,62,77.4
2026-06-04,4932,-0.009580420015252854,73,101,4,28,0.27722772277227725,0.02880214463932193,64,72.2
2026-06-05,4934,0.002676157005117963,71,124,5,53,0.4274193548387097,-0.0054965201658840595,73,77.0
2026-06-08,4934,-0.029002788674427075,53,67,6,14,0.208955223880597,0.04033270603456409,71,64.6
2026-06-09,4933,0.013414463141527656,121,153,3,32,0.20915032679738563,-0.0020090695591758172,53,76.4
2026-06-10,4935,-0.01133928255027416,67,93,4,26,0.27956989247311825,0.020971523024826945,121,77.0
2026-06-11,4932,-0.009629298286135124,70,102,3,32,0.3137254901960784,0.014223939798899205,67,76.4
2026-06-12,4932,0.011680105466979826,92,154,4,62,0.4025974025974026,-0.005593582082311675,70,80.6
2026-06-15,4929,0.020418071263267765,140,195,3,55,0.28205128205128205,0.001033695164040102,92,98.0
2026-06-16,4932,0.006881289734219817,115,156,4,41,0.26282051282051283,0.03086643148506648,139,96.8
2026-06-17,4928,-0.004605079964188547,87,121,4,34,0.2809917355371901,0.028812304710959167,113,100.8
2026-06-18,4927,-0.0017730071216715334,87,135,4,48,0.35555555555555557,0.007536786994847728,87,104.2
2026-06-22,4932,0.006561552326305112,131,167,5,36,0.2155688622754491,0.034399289216855304,87,112.0
2026-06-23,4936,-0.0021479907834432146,95,149,5,54,0.3624161073825503,0.01393008551469984,131,103.0
2026-06-24,4935,-0.010610513831825713,94,131,4,37,0.2824427480916031,0.01734453875132241,95,98.8
2026-06-25,4934,-0.01214679476307188,85,127,5,42,0.33070866141732286,0.035413991761578306,93,98.4
2026-06-26,4934,-0.02573052046542667,59,100,6,41,0.41,0.0263186323524044,85,92.8
2026-06-29,4933,0.0010840185791352486,99,149,7,50,0.33557046979865773,0.015769242769279105,57,86.4
2026-06-30,4931,0.012345789673141127,127,160,3,33,0.20625,0.016511796565463796,99,92.8
2026-07-01,4934,0.020176871007914345,142,228,3,86,0.37719298245614036,0.006601063197268848,127,102.4
2026-07-02,4938,-0.008362783876609872,89,135,4,46,0.34074074074074073,0.007278089252990602,142,103.2
2026-07-03,4938,0.010351478219244332,102,161,4,59,0.36645962732919257,-0.013826378223389113,89,111.8
2026-07-06,4939,-0.011621589817465928,64,113,5,49,0.4336283185840708,0.00266734701937151,102,104.8
2026-07-07,4937,-0.026152029330380196,32,63,6,31,0.49206349206349204,0.008400896831097491,64,85.8
2026-07-08,4937,-0.015562226812429435,46,61,7,15,0.2459016393442623,0.029399668768774416,32,66.6
2026-07-09,4938,0.006402529882887552,73,103,8,30,0.2912621359223301,0.0066900486262757,46,63.4
2026-07-10,4937,0.007996076855127413,88,189,2,101,0.5343915343915344,-0.0017652210346302249,72,60.6
2026-07-13,4939,-0.040561721274679635,28,48,3,20,0.4166666666666667,0.008339023447871026,88,53.4
2026-07-14,4942,0.01535360098707131,77,104,3,27,0.25961538461538464,0.010532780281912317,28,62.4
2026-07-15,4942,0.002968984918523269,68,100,4,32,0.32,0.012165266593238896,77,66.8
2026-07-16,4941,-0.007183545360316037,40,69,5,29,0.42028985507246375,0.025998030130036716,68,60.2
2026-07-17,4941,-0.04725108697990393,30,46,4,16,0.34782608695652173,0.03393371462511712,40,48.6
2026-07-20,4943,-0.022092837072604416,53,98,3,45,0.45918367346938777,0.027868461586537628,30,53.6
2026-07-21,4944,0.014687647781873793,103,116,4,13,0.11206896551724138,-0.005807497631510328,53,58.8
2026-07-22,4945,-0.009553460982969341,43,82,5,39,0.47560975609756095,0.02206751824161705,103,53.8
2026-07-23,4944,0.017698812852336227,110,136,6,26,0.19117647058823528,0.029260090644487684,43,67.8
2026-07-24,4944,-0.026163734081685604,39,53,4,14,0.2641509433962264,0.022605153693224207,110,69.6
2026-07-27,4940,0.03081425394907583,108,126,5,18,0.14285714285714285,0.0006212440015663442,39,80.6
2026-07-28,4940,-0.00842699638356942,60,85,6,25,0.29411764705882354,0.014345443167207733,108,72.0
2026-07-29,4939,0.012408163103229043,80,98,7,18,0.1836734693877551,-0.005944021344024336,60,79.4
2026-07-30,4944,-0.018769955347432754,48,76,8,28,0.3684210526315789,0.01750387548061107,79,67.0
2026-07-31,4946,0.025807575185597825,100,238,9,138,0.5798319327731093,0.0050936779150335745,48,79.2
2026-08-03,4946,0.012375881248247856,75,94,6,19,0.20212765957446807,-0.0002504379120739208,99,72.6
2026-08-04,4945,0.01927298725688311,135,162,7,27,0.16666666666666666,0.028446819363691464,75,87.6
2026-08-05,4947,0.017784877262256214,105,150,8,45,0.3,0.03553062731892219,135,92.6
2026-08-06,4950,0.005473104717743033,79,104,10,25,0.2403846153846154,0.03207938104282165,105,98.8
2026-08-07,4952,0.009562347604200905,74,101,4,27,0.26732673267326734,0.0025542969965874074,79,93.6
2026-08-10,4952,0.01466854898653489,97,121,5,24,0.19834710743801653,0.009291007004302776,74,98.0
2026-08-11,4950,-0.004103578049412248,55,79,6,24,0.3037974683544304,0.010253336216630335,95,82.0
2026-08-12,4949,0.011981790796813583,89,103,7,14,0.13592233009708737,0.019586515239972836,55,78.8
2026-08-13,4952,-0.010403667548912098,59,102,5,43,0.4215686274509804,0.018315083009177384,89,74.8
2026-08-14,5240,0.0010799357441366186,63,87,3,24,0.27586206896551724,-0.006982944241770244,59,72.6
2026-08-17,5238,0.01820670795062245,109,131,4,22,0.16793893129770993,0.01694388931557817,63,75.0
2026-08-18,5239,-0.00022491235560742463,87,126,4,39,0.30952380952380953,0.014996301646412405,109,81.4
2026-08-19,5238,-0.04157047849878251,38,60,3,22,0.36666666666666664,0.009662576379516993,87,71.2
2026-08-20,5237,0.01361068319293239,83,142,4,59,0.4154929577464789,-0.034100706381330045,38,76.0
2026-08-21,5238,-0.0012968501839571002,55,81,3,26,0.32098765432098764,-0.006465209317816988,83,74.4
2026-08-24,5241,-0.011678998024442444,49,77,4,28,0.36363636363636365,0.016419914464416364,55,62.4
2026-08-25,5242,0.015073317770361784,66,104,5,38,0.36538461538461536,-0.005497737308960884,49,58.2
2026-08-26,5243,0.00231683670642624,55,89,5,34,0.38202247191011235,0.019935403822151247,66,61.6
2026-08-27,5244,0.012164676972499443,79,105,6,26,0.24761904761904763,0.01793689665479186,55,60.8
2026-08-28,5245,0.0026618410788829872,86,117,7,31,0.26495726495726496,0.02623069543676232,79,67.0
2026-08-31,5244,0.00785900003781264,88,137,6,49,0.35766423357664234,0.0008372819115913983,85,74.8
2026-09-01,5244,0.0050580012261296214,93,117,7,24,0.20512820512820512,0.00947629797971657,88,80.2
2026-09-02,5245,-0.00721318978452131,56,102,5,46,0.45098039215686275,-0.001740263204591616,93,80.4
2026-09-03,5246,-0.003957934374564282,45,93,5,48,0.5161290322580645,-0.0014151904887702831,56,73.6
2026-09-04,5246,-0.003061205749520154,43,103,5,60,0.5825242718446602,-0.002906674576867521,45,65.0
2026-09-07,5245,0.009356978832088084,93,130,6,37,0.2846153846153846,0.035251818780446156,43,66.0
2026-09-08,5244,0.007063800652027443,75,119,4,44,0.3697478991596639,0.021986449556875252,93,62.4
