symbol,n
000006,115
000009,641
000011,828
000012,859
000014,343
000021,829
000025,860
000026,829
000027,832
000028,838
000029,832
000032,824
000034,813
000035,627
000036,99
000037,835
000039,609
000042,112
000048,657
000049,820
000059,592
000060,849
000061,839
000062,802
000065,832
000066,130
000088,834
000089,840
000096,609
000099,815
000155,670
000156,644
000158,828
000159,847
000400,840
000402,125
000403,582
000404,835
000417,850
000422,829
000423,817
000426,639
000429,610
000498,845
000501,816
000507,839
000513,833
000519,839
000525,452
000528,825
000530,849
000531,840
000532,844
000534,631
000537,840
000539,857
000543,854
000547,117
000550,852
000551,845
000554,678
000555,816
000559,813
000561,433
000563,801
000565,846
000567,348
000570,813
000573,832
000581,853
000582,819
000589,832
000591,848
000597,837
000598,852
000600,823
000601,520
000603,828
000612,818
000623,847
000628,860
000636,849
000650,855
000661,817
000668,848
000672,821
000680,828
000681,663
000682,848
000683,846
000685,853
000686,820
000688,797
000690,814
000700,729
000703,832
000709,857
000716,631
000719,843
000722,805
000728,840
000729,856
000731,674
000733,841
000735,812
000737,857
000738,840
000739,802
000750,850
000751,822
000753,836
000756,614
000758,849
000762,592
000777,853
000778,848
000779,837
000782,109
000783,823
000785,364
000786,830
000788,767
000790,376
000791,816
000795,824
000796,234
000799,623
000800,847
000801,838
000803,124
000810,833
000811,838
000818,334
000819,609
000822,327
000823,808
000825,828
000828,813
000829,594
000830,840
000831,845
000833,820
000837,718
000848,821
000859,108
000860,587
000875,828
000876,619
000877,336
000878,815
000880,659
000883,858
000885,829
000886,470
000887,824
000888,855
000893,824
000898,108
000899,830
000901,840
000902,820
000905,815
000913,819
000915,843
000917,847
000919,833
000920,833
000921,634
000922,815
000923,829
000925,849
000926,361
000927,838
000928,823
000930,851
000932,837
000933,821
000935,343
000936,847
000937,834
000948,846
000949,824
000950,835
000951,840
000957,851
000958,684
000960,800
000962,837
000966,609
000967,851
000968,840
000969,835
000970,830
000973,829
000983,853
000987,842
000989,808
000990,585
000993,328
000997,839
000998,830
001202,592
001203,842
001206,812
001208,831
001210,826
001211,825
001212,579
001215,358
001216,835
001218,844
001221,53
001222,541
001223,689
001225,647
001227,834
001229,778
001230,800
001236,578
001256,710
001258,798
001259,756
001266,822
001267,811
001268,824
001270,814
001283,748
001286,628
001287,618
001288,811
001289,839
001298,690
001301,699
001309,759
001311,635
001313,662
001314,649
001316,795
001317,597
001326,479
001328,614
001332,741
001337,621
001339,786
001359,390
001360,625
001376,498
001378,470
001382,136
001388,105
001389,400
001395,183
001400,115
001696,829
001872,853
001914,859
002003,814
002004,832
002006,844
002007,832
002008,815
002009,855
002010,841
002012,818
002015,834
002017,831
002019,821
002020,830
002021,239
002023,347
002025,855
002029,594
002030,348
002032,820
002033,815
002034,675
002038,857
002039,821
002040,861
002041,579
002042,831
002043,822
002044,850
002045,824
002046,832
002048,821
002051,840
002053,820
002054,803
002056,834
002057,837
002060,816
002061,819
002062,818
002063,833
002064,829
002065,850
002066,597
002067,830
002073,827
002075,832
002078,846
002079,842
002080,818
002081,826
002083,834
002084,352
002085,834
002090,839
002091,827
002092,109
002093,828
002096,857
002097,850
002099,92
002100,829
002101,850
002104,859
002106,834
002107,763
002108,837
002110,852
002111,857
002112,838
002117,811
002119,806
002120,833
002123,263
002125,830
002126,816
002127,826
002128,813
002129,365
002130,849
002132,848
002135,825
002136,348
002137,818
002138,783
002139,810
002140,839
002144,835
002145,829
002148,581
002149,850
002150,821
002151,339
002152,820
002153,809
002154,819
002156,820
002158,826
002161,850
002165,832
002170,810
002171,826
002174,383
002177,356
002180,113
002181,643
002182,584
002183,604
002184,383
002187,588
002190,353
002192,845
002194,570
002195,330
002201,835
002203,849
002204,830
002208,370
002212,603
002213,577
002215,822
002216,826
002218,604
002222,848
002223,817
002225,821
002226,846
002228,840
002232,822
002233,803
002237,825
002239,836
002240,317
002242,807
002243,817
002244,836
002245,815
002246,829
002249,812
002250,849
002252,838
002254,816
002255,805
002258,830
002262,818
002264,825
002265,850
002266,827
002267,839
002268,841
002270,803
002271,641
002272,370
002273,824
002274,820
002276,831
002277,337
002278,831
002281,591
002283,809
002284,831
002287,834
002290,834
002293,816
002294,818
002296,834
002299,815
002300,848
002301,840
002303,836
002307,382
002312,831
002315,798
002317,821
002318,820
002320,802
002324,831
002328,821
002332,820
002333,826
002334,817
002335,821
002338,820
002339,823
002340,847
002342,824
002345,815
002346,847
002347,607
002349,821
002350,829
002351,815
002358,850
002361,615
002364,836
002365,830
002367,817
002368,608
002372,806
002373,813
002376,821
002378,840
002379,799
002380,813
002382,92
002385,695
002386,358
002389,816
002390,815
002392,846
002394,815
002396,817
002400,725
002402,819
002403,582
002404,803
002406,849
002407,814
002408,589
002409,821
002410,807
002412,833
002414,334
002416,820
002421,343
002423,848
002428,845
002429,824
002430,828
002432,823
002434,844
002436,820
002438,834
002439,360
002440,833
002442,586
002443,814
002444,834
002448,835
002449,589
002451,822
002452,821
002455,561
002457,818
002458,810
002459,338
002461,831
002465,815
002467,560
002468,829
002471,396
002472,846
002478,839
002479,812
002481,678
002483,825
002484,820
002486,821
002487,792
002488,840
002492,576
002497,836
002498,831
002500,839
002507,820
002508,824
002511,812
002515,823
002516,806
002517,828
002518,819
002519,313
002522,827
002523,841
002526,849
002530,807
002531,577
002533,813
002534,820
002536,835
002539,834
002540,846
002541,848
002544,850
002545,856
002546,799
002549,819
002550,821
002552,683
002553,834
002555,823
002557,832
002559,815
002560,807
002562,809
002563,806
002565,593
002566,821
002567,123
002568,826
002572,815
002578,341
002579,111
002580,831
002582,822
002584,477
002585,820
002587,819
002588,830
002589,457
002590,820
002593,812
002595,806
002597,815
002599,832
002601,716
002603,833
002605,829
002606,820
002608,852
002611,810
002612,818
002613,606
002615,578
002664,815
002668,816
002669,821
002673,825
002674,611
002675,801
002676,829
002683,802
002687,830
002690,810
002692,828
002695,819
002696,828
002697,821
002698,848
002700,855
002701,824
002702,342
002703,577
002705,834
002706,812
002755,830
002756,821
002757,818
002760,365
002761,852
002765,832
002767,847
002768,835
002771,597
002772,813
002773,828
002774,816
002777,830
002779,836
002780,824
002782,811
002787,572
002788,850
002791,573
002792,833
002795,98
002797,855
002803,838
002805,94
002807,820
002809,840
002810,853
002815,821
002820,849
002821,840
002823,812
002824,825
002826,828
002827,828
002828,605
002829,119
002830,825
002831,825
002832,828
002833,819
002838,840
002839,813
002840,116
002841,803
002842,833
002843,599
002845,832
002846,821
002847,839
002849,850
002850,821
002851,859
002857,591
002860,810
002861,580
002864,858
002865,317
002866,805
002867,855
002870,816
002871,826
002873,819
002876,815
002878,336
002879,795
002881,857
002882,833
002885,822
002886,815
002887,825
002888,822
002891,818
002892,822
002893,834
002895,815
002896,849
002897,822
002899,831
002900,579
002901,846
002902,107
002903,584
002906,806
002907,825
002910,130
002911,799
002912,820
002913,835
002915,109
002918,834
002919,828
002921,344
002922,826
002923,580
002925,816
002926,861
002927,598
002929,857
002930,592
002935,833
002936,602
002937,817
002939,857
002940,835
002941,849
002943,827
002945,855
002946,828
002947,802
002948,835
002950,838
002951,593
002952,822
002953,816
002955,540
002956,812
002957,835
002958,843
002960,807
002961,814
002962,825
002963,574
002965,828
002966,838
002967,823
002970,802
002971,844
002972,802
002973,853
002975,807
002976,840
002978,853
002979,853
002980,585
002981,817
002984,845
002985,796
002986,609
002987,814
002988,576
002989,100
002990,815
002993,820
002995,100
002997,826
002998,814
003001,827
003002,824
003006,814
003007,824
003009,683
003010,830
003011,843
003012,822
003013,838
003015,815
003018,853
003019,822
003020,821
003021,826
003022,802
003023,831
003026,826
003030,825
003031,829
003033,796
003035,859
003036,821
003040,823
003043,828
300001,819
300002,834
300003,840
300005,821
300007,829
300008,844
300009,821
300012,802
300016,571
300017,828
300019,803
300026,852
300031,845
300034,826
300035,826
300036,831
300037,800
300039,820
300040,829
300041,842
300042,820
300043,840
300046,838
300047,832
300049,846
300054,834
300055,845
300057,817
300058,840
300062,332
300066,828
300070,331
300073,819
300075,338
300079,845
300129,637
300130,844
300133,821
300135,593
300136,816
300137,852
300138,815
300139,850
300140,825
300141,349
300143,821
300144,831
300145,832
300146,795
300151,811
300153,821
300154,826
300161,850
300170,811
300171,821
300172,806
300174,849
300179,831
300181,820
300183,579
300185,688
300188,108
300191,820
300192,848
300194,819
300196,811
300200,829
300201,840
300203,575
300206,803
300207,825
300209,476
300213,584
300215,365
300217,830
300219,835
300221,843
300222,794
300223,814
300224,806
300225,636
300226,831
300227,406
300228,813
300229,345
300231,818
300232,819
300233,811
300234,583
300235,819
300236,818
300239,819
300241,842
300243,829
300244,839
300246,700
300248,838
300253,582
300257,834
300258,829
300259,809
300260,853
300261,429
300263,821
300265,839
300267,101
300283,829
300284,825
300285,822
300286,812
300288,852
300294,814
300296,813
300298,589
300303,816
300304,815
300307,804
300319,828
300320,824
300321,813
300327,849
300335,814
300337,848
300339,821
300341,840
300342,812
300346,812
300347,850
300348,824
300349,814
300351,816
300354,824
300355,366
300357,849
300358,840
300360,823
300363,808
300365,339
300369,126
300373,806
300377,367
300378,825
300380,824
300382,367
300383,820
300386,812
300389,672
300390,580
300393,364
300395,580
300398,849
300399,823
300400,742
300401,818
300403,813
300404,834
300406,819
300407,848
300409,825
300412,821
300414,846
300415,826
300416,819
300420,838
300421,826
300423,103
300428,839
300432,823
300434,834
300435,815
300438,822
300440,812
300441,821
300443,810
300444,811
300445,816
300446,834
300447,801
300448,817
300485,819
300487,845
300488,842
300491,799
300492,847
300493,830
300494,349
300496,815
300499,825
300503,819
300504,339
300505,821
300507,841
300508,816
300509,850
300515,825
300516,809
300518,104
300519,821
300521,504
300561,835
300562,810
300563,821
300566,830
300568,813
300569,821
300570,850
300572,339
300573,816
300575,566
300576,828
300577,821
300579,593
300580,826
300581,341
300582,579
300584,839
300586,337
300587,603
300589,603
300590,817
300592,849
300593,336
300595,813
300596,835
300598,337
300599,819
300601,830
300602,819
300604,824
300605,361
300606,821
300607,823
300608,333
300609,347
300611,825
300613,823
300617,579
300618,825
300619,842
300620,808
300622,821
300623,840
300624,342
300626,828
300627,813
300629,821
300631,822
300632,840
300633,826
300634,839
300635,358
300638,827
300639,331
300640,829
300641,835
300642,816
300643,822
300645,822
300648,107
300649,834
300650,836
300651,833
300652,828
300654,818
300655,826
300656,339
300660,824
300662,829
300663,124
300664,819
300667,332
300668,338
300672,589
300674,809
300676,362
300677,830
300678,823
300679,822
300680,834
300681,828
300682,832
300683,489
300684,821
300687,577
300689,828
300690,835
300691,573
300693,813
300694,820
300695,831
300696,829
300697,829
300698,396
300699,834
300700,325
300702,823
300703,812
300705,819
300706,359
300708,796
300709,839
300715,331
300717,816
300718,821
300720,823
300721,590
300722,831
300723,337
300724,829
300725,829
300726,831
300727,821
300730,109
300731,822
300733,822
300735,822
300737,817
300738,844
300739,827
300740,845
300747,821
300748,808
300782,561
300783,825
300785,820
300786,96
300788,724
300789,599
300790,823
300792,805
300793,579
300795,803
300798,609
300801,814
300802,853
300804,575
300805,847
300806,861
300809,846
300810,832
300811,819
300812,825
300814,853
300815,827
300816,832
300818,813
300819,830
300820,824
300821,814
300823,822
300826,829
300827,818
300830,585
300834,838
300835,809
300836,840
300839,89
300840,833
300841,821
300842,546
300843,821
300845,818
300847,818
300850,801
300852,803
300853,333
300854,821
300855,838
300857,797
300858,850
300859,796
300860,818
300861,847
300862,589
300863,821
300867,818
300868,601
300870,820
300871,846
300872,576
300873,843
300878,578
300879,580
300880,821
300881,582
300884,820
300885,821
300887,368
300888,817
300890,829
300891,576
300894,336
300895,97
300898,821
300900,354
300901,322
300902,333
300903,104
300905,829
300907,848
300909,594
300910,821
300911,581
300913,832
300916,837
300917,823
300918,828
300919,829
300920,829
300921,820
300922,833
301000,829
301002,349
301003,821
301005,823
301007,827
301008,828
301012,828
301013,589
301015,822
301017,824
301018,823
301019,848
301021,829
301026,821
301028,825
301029,821
301031,825
301033,822
301035,822
301038,844
301039,846
301040,115
301041,840
301042,829
301045,817
301046,826
301047,811
301050,829
301051,821
301052,801
301053,822
301055,844
301060,826
301061,817
301062,835
301067,592
301069,813
301070,832
301071,819
301072,366
301076,812
301078,819
301079,824
301080,830
301081,827
301082,798
301085,597
301086,821
301087,789
301089,333
301091,840
301092,836
301093,853
301095,778
301098,607
301099,852
301101,819
301108,814
301109,807
301110,820
301111,830
301115,760
301117,818
301118,576
301120,818
301122,828
301123,716
301125,813
301126,714
301127,850
301128,813
301132,797
301133,603
301136,339
301137,833
301141,613
301149,848
301150,830
301151,821
301152,26
301153,802
301155,829
301157,630
301158,820
301159,357
301160,821
301161,753
301162,813
301168,825
301172,307
301175,779
301176,37
301178,833
301179,828
301182,107
301183,823
301186,835
301188,828
301189,829
301190,852
301191,827
301193,333
301196,838
301197,804
301198,336
301200,813
301201,853
301202,552
301205,764
301207,832
301209,764
301210,558
301211,831
301215,821
301216,849
301217,680
301219,825
301222,819
301225,592
301226,833
301230,749
301231,267
301232,556
301235,821
301237,572
301238,807
301239,348
301246,642
301248,666
301251,507
301252,586
301256,824
301257,847
301259,826
301261,584
301262,587
301263,822
301265,695
301266,809
301267,736
301268,345
301270,754
301273,729
301275,146
301276,747
301277,685
301280,659
301281,624
301282,741
301285,522
301286,827
301290,703
301291,582
301293,379
301295,556
301297,586
301301,656
301302,80
301303,640
301305,604
301306,85
301307,135
301310,565
301312,794
301313,250
301316,731
301317,681
301319,728
301321,39
301322,632
301323,603
301325,187
301326,335
301327,501
301328,745
301329,559
301330,769
301333,799
301336,767
301338,774
301339,755
301345,604
301348,309
301349,735
301356,727
301357,605
301358,649
301360,592
301363,739
301365,702
301366,757
301367,715
301368,451
301369,735
301371,529
301373,650
301376,562
301377,681
301378,152
301379,721
301380,720
301381,547
301382,613
301387,633
301389,723
301391,462
301392,325
301393,541
301396,708
301397,591
301398,705
301408,634
301413,439
301418,531
301419,649
301421,520
301428,346
301439,624
301448,320
301458,180
301468,538
301479,138
301486,307
301487,554
301488,537
301489,480
301498,524
301499,544
301500,524
301502,412
301509,533
301510,537
301511,518
301512,581
301517,255
301520,504
301522,245
301525,520
301526,457
301528,532
301529,502
301535,43
301536,370
301538,391
301548,495
301550,500
301551,271
301552,284
301555,383
301556,249
301557,151
301566,432
301568,444
301571,307
301577,169
301578,436
301580,324
301587,239
301588,418
301589,403
301590,129
301591,392
301592,237
301596,355
301600,265
301603,323
301606,284
301607,270
301608,283
301609,58
301611,282
301613,239
301617,200
301618,249
301622,204
301626,237
301628,225
301629,137
301630,82
301631,217
301633,230
301658,143
301662,123
301665,130
301678,76
600004,859
600006,369
600008,831
600056,840
600057,833
600059,837
600060,629
600062,860
600063,815
600064,855
600067,825
600072,617
600075,593
600078,364
600088,623
600094,411
600095,333
600096,810
600098,840
600100,837
600101,753
600103,817
600105,834
600106,850
600108,601
600109,858
600158,589
600161,860
600162,609
600163,845
600167,855
600170,843
600171,834
600173,337
600177,824
600178,855
600184,834
600191,829
600195,846
600197,603
600201,837
600203,621
600206,828
600208,132
600210,853
600211,816
600216,848
600223,852
600230,854
600236,830
600237,821
600248,851
600251,846
600252,352
600256,855
600258,835
600259,799
600262,816
600266,639
600267,833
600268,842
600269,839
600271,355
600273,817
600282,803
600284,815
600285,815
600288,398
600292,821
600295,833
600298,827
600299,849
600300,820
600301,827
600305,842
600310,827
600312,839
600313,835
600315,860
600316,840
600318,832
600320,854
600325,653
600326,142
600328,838
600329,850
600330,580
600332,833
600335,858
600336,692
600338,854
600339,831
600345,855
600348,853
600350,823
600351,832
600352,845
600353,821
600360,827
600361,836
600363,597
600366,841
600367,825
600368,827
600420,820
600422,622
600428,634
600429,611
600433,576
600435,811
600446,363
600449,825
600452,839
600456,824
600458,858
600459,840
600461,845
600468,849
600475,834
600477,833
600478,389
600479,842
600480,824
600481,344
600483,854
600486,839
600487,841
600488,852
600490,845
600496,832
600497,818
600498,850
600500,121
600501,376
600502,835
600505,850
600506,804
600507,819
600508,834
600509,839
600510,846
600511,835
600513,847
600516,838
600517,841
600521,835
600527,839
600528,639
600529,814
600531,849
600535,821
600536,99
600546,854
600552,832
600556,844
600557,339
600558,666
600559,840
600562,848
600563,831
600566,842
600567,381
600571,860
600572,838
600573,840
600575,828
600577,807
600578,852
600580,803
600582,831
600583,852
600586,592
600587,843
600589,232
600590,839
600592,835
600594,343
600595,820
600596,830
600597,623
600598,815
600602,861
600605,803
600609,820
600611,850
600612,847
600617,330
600618,860
600619,837
600621,673
600623,605
600629,837
600630,629
600633,829
600635,623
600637,858
600640,629
600641,609
600642,852
600643,367
600644,840
600649,848
600655,589
600657,112
600662,626
600663,831
600666,27
600667,842
600675,379
600681,825
600682,612
600685,854
600686,853
600688,613
600693,854
600694,821
600699,823
600702,818
600703,601
600704,850
600707,839
600710,832
600711,818
600713,842
600714,678
600718,603
600720,857
600727,839
600728,842
600729,735
600732,109
600736,850
600737,632
600739,622
600740,833
600746,611
600750,836
600751,836
600754,815
600755,835
600756,339
600757,834
600758,627
600761,823
600763,592
600764,735
600765,816
600773,601
600775,835
600776,622
600779,631
600780,861
600782,826
600783,839
600784,845
600785,839
600787,838
600789,853
600791,132
600792,358
600797,850
600801,833
600808,122
600810,613
600812,830
600820,677
600821,693
600825,820
600826,835
600827,848
600828,314
600829,377
600835,844
600838,629
600839,614
600846,634
600848,848
600850,840
600851,860
600857,821
600859,608
600862,834
600863,861
600864,861
600865,581
600866,858
600867,823
600868,115
600869,850
600872,849
600873,857
600879,848
600880,599
600884,343
600885,810
600888,831
600895,853
600901,831
600903,831
600906,678
600908,847
600909,849
600916,838
600927,841
600928,850
600929,826
600933,833
600956,633
600959,622
600963,577
600966,849
600967,849
600968,839
600969,826
600970,829
600971,819
600976,801
600977,853
600979,594
600980,835
600982,818
600985,828
600986,474
600990,123
600992,453
600993,629
600995,820
600997,815
600998,827
601000,819
601001,858
601002,807
601015,109
601016,674
601019,840
601033,404
601038,834
601061,642
601069,834
601083,467
601089,800
601096,443
601098,849
601101,830
601107,830
601108,846
601116,828
601118,611
601121,639
601126,819
601128,821
601133,631
601137,823
601139,835
601156,854
601158,831
601222,713
601226,841
601228,854
601231,832
601233,849
601236,819
601298,716
601311,846
601326,851
601330,845
601333,838
601339,832
601375,675
601388,820
601500,355
601515,377
601528,808
601566,825
601567,829
601568,836
601577,856
601579,825
601595,682
601598,841
601606,370
601608,861
601609,824
601611,844
601616,606
601619,833
601636,828
601665,849
601666,838
601677,831
601678,820
601696,688
601699,842
601700,607
601702,827
601717,833
601778,843
601789,850
601799,812
601801,846
601808,830
601827,828
601828,129
601858,855
601860,828
601865,833
601866,655
601869,640
601880,852
601882,801
601886,803
601890,836
601900,856
601908,370
601918,751
601921,838
601928,678
601952,841
601958,629
601963,847
601965,848
601966,838
601975,819
601990,659
601991,713
601992,855
601996,343
601997,829
603000,855
603002,831
603004,434
603005,810
603007,480
603009,821
603010,824
603012,824
603015,831
603016,834
603020,843
603025,811
603026,816
603027,859
603030,238
603031,802
603032,824
603033,373
603036,819
603038,834
603039,815
603040,839
603045,829
603049,103
603050,808
603051,629
603052,503
603057,765
603058,579
603061,606
603063,810
603065,631
603067,853
603068,849
603072,195
603075,497
603077,427
603082,429
603083,813
603087,820
603088,836
603090,811
603093,575
603097,845
603099,850
603100,817
603101,779
603103,699
603105,822
603108,614
603110,614
603112,814
603115,843
603119,523
603186,810
603187,828
603191,830
603192,827
603193,484
603194,198
603195,824
603196,348
603197,834
603198,831
603199,815
603200,839
603201,799
603202,128
603203,827
603206,824
603211,811
603212,340
603217,843
603218,859
603219,823
603220,856
603222,102
603223,829
603225,838
603226,99
603227,816
603228,811
603229,855
603232,597
603233,840
603236,822
603256,828
603257,141
603261,102
603262,89
603267,813
603269,842
603270,514
603271,158
603278,377
603279,822
603281,681
603283,822
603285,339
603286,565
603290,833
603297,834
603298,820
603299,835
603300,608
603301,835
603303,830
603306,833
603308,848
603313,489
603315,854
603317,806
603318,611
603319,828
603323,835
603324,604
603327,828
603328,839
603330,373
603331,608
603333,641
603336,845
603337,830
603338,837
603339,858
603341,397
603344,136
603345,837
603353,823
603355,446
603358,839
603360,579
603366,834
603367,824
603368,833
603373,444
603375,443
603379,824
603380,827
603381,89
603383,820
603386,349
603387,833
603390,823
603391,283
603393,367
603395,222
603396,831
603399,85
603400,113
603416,856
603439,842
603444,815
603456,828
603458,339
603466,825
603477,844
603486,848
603488,605
603489,828
603499,834
603500,836
603505,851
603507,853
603508,815
603516,835
603519,849
603520,824
603527,836
603528,596
603529,820
603530,830
603533,586
603538,849
603556,847
603558,803
603559,478
603565,820
603567,637
603568,818
603577,815
603579,829
603583,825
603588,800
603589,840
603590,848
603596,807
603599,851
603601,826
603605,858
603606,818
603607,833
603610,818
603612,835
603613,614
603615,829
603618,578
603619,824
603626,348
603629,847
603630,599
603633,640
603636,362
603699,841
603700,836
603701,821
603703,362
603707,828
603711,837
603712,352
603713,819
603719,824
603725,850
603726,834
603727,806
603728,835
603730,825
603733,844
603737,822
603738,836
603757,827
603766,820
603773,612
603777,362
603786,822
603790,826
603800,608
603803,99
603806,819
603809,824
603815,612
603816,846
603817,860
603818,464
603819,831
603823,825
603826,852
603829,848
603833,839
603858,664
603859,828
603861,663
603866,821
603867,830
603871,840
603876,841
603878,830
603881,836
603882,750
603883,845
603885,829
603888,859
603969,849
603976,820
603977,844
603979,849
603983,854
603985,817
603988,821
603989,843
603990,122
603991,753
603992,821
603995,825
603997,807
603998,820
605006,338
605007,822
605011,821
605016,823
605018,837
605020,821
605056,823
605058,843
605060,846
605088,825
605090,833
605098,825
605099,831
605100,817
605111,833
605116,832
605118,834
605123,802
605128,821
605133,835
605136,420
605155,818
605162,839
605167,829
605168,818
605179,827
605186,398
605189,835
605196,606
605198,849
605208,825
605222,839
605228,811
605277,834
605287,850
605288,828
605289,815
688010,596
688016,826
688017,850
688018,825
688019,829
688020,594
688023,363
688025,833
688027,808
688028,822
688029,836
688032,593
688035,742
688037,606
688039,115
688045,804
688046,828
688048,102
688049,838
688050,834
688052,96
688055,156
688056,831
688057,849
688059,853
688061,741
688063,819
688065,623
688068,361
688069,833
688073,739
688081,105
688083,825
688084,215
688085,830
688087,840
688088,840
688090,839
688091,329
688093,818
688095,830
688096,611
688097,856
688099,816
688100,789
688101,849
688102,856
688103,845
688105,824
688106,816
688110,97
688112,829
688114,49
688115,851
688116,842
688117,826
688120,822
688122,858
688123,799
688125,352
688127,820
688128,833
688130,543
688131,851
688133,594
688135,332
688136,832
688138,835
688139,835
688147,699
688150,828
688151,835
688153,365
688155,817
688156,368
688159,614
688160,811
688163,821
688166,828
688167,829
688168,817
688169,856
688170,343
688171,849
688172,210
688178,136
688179,843
688181,825
688182,839
688186,588
688187,674
688188,841
688190,830
688195,821
688196,837
688198,818
688199,840
688200,830
688202,99
688205,624
688206,852
688207,109
688208,809
688209,842
688210,608
688212,592
688213,815
688218,589
688219,836
688222,835
688225,137
688275,10
688278,821
688279,826
688281,823
688282,111
688283,831
688286,843
688289,836
688290,689
688291,707
688293,781
688295,815
688296,112
688297,793
688299,348
688300,829
688301,831
688305,823
688306,831
688307,637
688308,858
688309,836
688311,157
688312,824
688313,830
688318,826
688319,355
688320,348
688321,810
688323,89
688325,826
688326,839
688327,106
688328,815
688332,778
688333,838
688336,835
688337,834
688339,374
688345,807
688347,52
688349,817
688350,820
688351,764
688352,606
688353,432
688356,841
688360,825
688361,140
688362,8
688363,851
688368,828
688371,785
688372,737
688375,801
688376,719
688377,815
688378,841
688379,850
688380,768
688383,607
688385,846
688386,825
688388,833
688390,346
688392,737
688398,836
688399,850
688400,823
688401,772
688403,756
688408,598
688409,523
688410,706
688411,174
688416,773
688507,616
688508,827
688510,817
688513,823
688516,831
688518,824
688519,807
688522,637
688523,102
688525,685
688530,115
688535,594
688539,621
688543,553
688545,184
688548,542
688549,36
688550,820
688551,826
688552,594
688553,833
688556,599
688559,339
688563,571
688565,829
688566,839
688568,842
688571,828
688575,831
688578,822
688580,835
688582,537
688583,197
688584,174
688586,807
688589,829
688590,718
688591,528
688593,606
688596,819
688598,361
688599,352
688600,828
688601,845
688603,570
688605,201
688607,588
688608,843
688661,819
688662,832
688663,861
688667,830
688668,818
688669,366
688676,806
688677,828
688678,797
688679,579
688680,443
688683,831
688685,836
688686,811
688687,823
688690,825
688691,155
688692,322
688696,813
688697,832
688698,826
688699,87
688700,854
688707,364
688708,208
688709,436
688710,63
688711,351
688716,506
688717,318
688719,267
688720,459
688721,33
688726,248
688728,604
688729,85
688733,832
688757,162
688758,219
688766,818
688767,822
688772,820
688776,500
688777,826
688778,839
688779,835
688786,827
688787,843
688788,829
688789,845
688798,815
