date,found_n,captured,end_reason,complete
20230901,,19,short_page,True
20230904,,60,short_page,True
20230905,,3,short_page,True
20230906,6.0,6,complete,True
20230907,3.0,3,complete,True
20230908,6.0,6,complete,True
20230911,9.0,10,complete,True
20230912,10.0,10,complete,True
20230913,4.0,4,complete,True
20230914,,17,short_page,True
20230915,,11,short_page,True
20230918,,24,short_page,True
20230919,,16,short_page,True
20230920,4.0,4,complete,True
20230921,4.0,4,complete,True
20230922,8.0,8,complete,True
20230925,,17,short_page,True
20230926,,13,short_page,True
20230927,,20,short_page,True
20230928,,21,short_page,True
20231009,,26,short_page,True
20231010,,11,short_page,True
20231011,,17,short_page,True
20231012,,22,short_page,True
20231013,,20,short_page,True
20231016,,19,short_page,True
20231017,,18,short_page,True
20231018,7.0,7,complete,True
20231019,2.0,2,complete,True
20231020,5.0,5,complete,True
20231023,4.0,4,complete,True
20231024,9.0,9,complete,True
20231025,,18,short_page,True
20231026,10.0,10,complete,True
20231027,,24,short_page,True
20231030,,27,short_page,True
20231031,,13,short_page,True
20231101,7.0,7,complete,True
20231102,2.0,2,complete,True
20231103,7.0,7,complete,True
20231106,5.0,5,complete,True
20231107,5.0,5,complete,True
20231108,,23,short_page,True
20231109,,17,short_page,True
20231110,,25,short_page,True
20231113,,69,short_page,True
20231114,,41,short_page,True
20231115,,56,short_page,True
20231116,,22,short_page,True
20231117,,76,short_page,True
20231120,,125,short_page,True
20231121,,112,short_page,True
20231122,,30,short_page,True
20231123,,71,short_page,True
20231124,,32,short_page,True
20231127,,48,short_page,True
20231128,,77,short_page,True
20231129,,48,short_page,True
20231130,,42,short_page,True
20231201,,46,short_page,True
20231204,,53,short_page,True
20231205,,11,short_page,True
20231206,,67,short_page,True
20231207,,34,short_page,True
20231208,,17,short_page,True
20231211,,35,short_page,True
20231212,,35,short_page,True
20231213,,49,short_page,True
20231214,,30,short_page,True
20231215,,23,short_page,True
20231218,,11,short_page,True
20231219,,14,short_page,True
20231220,,15,short_page,True
20231221,,11,short_page,True
20231222,,17,short_page,True
20231225,,16,short_page,True
20231226,,12,short_page,True
20231227,7.0,7,complete,True
20231228,,22,short_page,True
20231229,,51,short_page,True
20240102,,73,short_page,True
20240103,,28,short_page,True
20240104,,15,short_page,True
20240105,7.0,9,complete,True
20240108,3.0,3,complete,True
20240109,8.0,8,complete,True
20240110,6.0,6,complete,True
20240111,,15,short_page,True
20240112,,12,short_page,True
20240115,,16,short_page,True
20240116,9.0,10,complete,True
20240117,10.0,10,complete,True
20240118,3.0,3,complete,True
20240119,4.0,4,complete,True
20240122,1.0,1,complete,True
20240123,1.0,1,complete,True
20240124,8.0,9,complete,True
20240125,,16,short_page,True
20240126,,16,short_page,True
20240129,7.0,7,complete,True
20240130,,0,no_table,True
20240131,1.0,0,no_table,True
20240201,,0,no_table,True
20240202,,0,no_table,True
20240205,6.0,6,complete,True
20240206,6.0,6,complete,True
20240207,7.0,7,complete,True
20240208,,0,no_table,True
20240219,,27,short_page,True
20240220,,12,short_page,True
20240221,,13,short_page,True
20240222,3.0,3,complete,True
20240223,,0,no_table,True
20240226,,0,no_table,True
20240227,,0,no_table,True
20240228,,0,no_table,True
20240229,1.0,1,complete,True
20240301,,17,short_page,True
20240304,,19,short_page,True
20240305,,15,short_page,True
20240306,,18,short_page,True
20240307,,23,short_page,True
20240308,,21,short_page,True
20240311,,14,short_page,True
20240312,,15,short_page,True
20240313,2.0,2,complete,True
20240314,8.0,8,complete,True
20240315,,15,short_page,True
20240318,,39,short_page,True
20240319,9.0,9,complete,True
20240320,,14,short_page,True
20240321,,18,short_page,True
20240322,8.0,8,complete,True
20240325,7.0,7,complete,True
20240326,8.0,8,complete,True
20240327,5.0,4,short_page,True
20240328,,14,short_page,True
20240329,,37,short_page,True
20240401,,48,short_page,True
20240402,,28,short_page,True
20240403,,28,short_page,True
20240408,,13,short_page,True
20240409,9.0,9,complete,True
20240410,4.0,4,complete,True
20240411,,22,short_page,True
20240412,,10,short_page,True
20240415,,37,short_page,True
20240416,5.0,5,complete,True
20240417,,34,short_page,True
20240418,,20,short_page,True
20240419,,26,short_page,True
20240422,8.0,8,complete,True
20240423,5.0,5,complete,True
20240424,8.0,8,complete,True
20240425,,14,short_page,True
20240426,,13,short_page,True
20240429,,25,short_page,True
20240430,,23,short_page,True
20240506,,58,short_page,True
20240507,,11,short_page,True
20240508,6.0,6,complete,True
20240509,,12,short_page,True
20240510,,12,short_page,True
20240513,,31,short_page,True
20240514,,23,short_page,True
20240515,,4,short_page,True
20240516,0.0,0,no_table,True
20240517,,38,short_page,True
20240520,,36,short_page,True
20240521,,16,short_page,True
20240522,,22,short_page,True
20240523,,12,short_page,True
20240524,,12,short_page,True
20240527,,16,short_page,True
20240528,,15,short_page,True
20240529,,16,short_page,True
20240530,,12,short_page,True
20240531,0.0,0,no_table,True
20240603,,18,short_page,True
20240604,,11,short_page,True
20240605,,5,short_page,True
20240606,,11,short_page,True
20240607,,8,short_page,True
20240611,,1,short_page,True
20240612,,17,short_page,True
20240613,,10,short_page,True
20240614,,4,short_page,True
20240617,,11,short_page,True
20240618,,7,short_page,True
20240619,,2,short_page,True
20240620,,5,short_page,True
20240621,,1,short_page,True
20240624,0.0,0,no_table,True
20240625,,1,short_page,True
20240626,,2,short_page,True
20240627,,2,short_page,True
20240628,,14,short_page,True
20240701,,28,short_page,True
20240702,,8,short_page,True
20240703,,3,short_page,True
20240704,,0,no_more,True
20240705,,4,short_page,True
20240708,,5,short_page,True
20240709,,9,short_page,True
20240710,,3,short_page,True
20240711,,10,short_page,True
20240712,,8,short_page,True
20240715,,5,short_page,True
20240716,,2,short_page,True
20240717,,10,short_page,True
20240718,,6,short_page,True
20240719,,4,short_page,True
20240722,,1,short_page,True
20240723,,5,short_page,True
20240724,,7,short_page,True
20240725,,4,short_page,True
20240726,,1,short_page,True
20240729,,3,short_page,True
20240730,,4,short_page,True
20240731,,10,short_page,True
20240801,,8,short_page,True
20240802,,1,short_page,True
20240805,,0,no_more,True
20240806,,3,short_page,True
20240807,,2,short_page,True
20240808,,2,short_page,True
20240809,,4,short_page,True
20240812,,3,short_page,True
20240813,,3,short_page,True
20240814,,3,short_page,True
20240815,,7,short_page,True
20240816,,9,short_page,True
20240819,,15,short_page,True
20240820,,5,short_page,True
20240821,,3,short_page,True
20240822,,5,short_page,True
20240823,,4,short_page,True
20240826,,3,short_page,True
20240827,,3,short_page,True
20240828,,5,short_page,True
20240829,,7,short_page,True
20240830,,16,short_page,True
20240902,,9,short_page,True
20240903,,11,short_page,True
20240904,,4,short_page,True
20240905,,12,short_page,True
20240906,,1,short_page,True
20240909,,9,short_page,True
20240910,,8,short_page,True
20240911,,6,short_page,True
20240912,,16,short_page,True
20240913,,10,short_page,True
20240918,,11,short_page,True
20240919,,22,short_page,True
20240920,,16,short_page,True
20240923,,6,short_page,True
20240924,,99,short_page,True
20240925,,80,short_page,True
20240926,,60,short_page,True
20240927,,203,short_page,True
20240930,,35,short_page,True
20241008,,0,no_more,True
20241009,,0,no_more,True
20241010,,0,no_more,True
20241011,,0,no_more,True
20241014,,0,no_more,True
20241015,,0,no_more,True
20241016,,0,no_more,True
20241017,,0,no_more,True
20241018,,0,no_more,True
20241021,,0,no_more,True
20241022,,2,short_page,True
20241023,,0,no_more,True
20241024,,2,short_page,True
20241025,,4,short_page,True
20241028,,7,short_page,True
20241029,,1,short_page,True
20241030,,0,no_more,True
20241031,,1,short_page,True
20241101,,5,short_page,True
20241104,,2,short_page,True
20241105,,13,short_page,True
20241106,,23,short_page,True
20241107,,20,short_page,True
20241108,,7,short_page,True
20241111,,23,short_page,True
20241112,,13,short_page,True
20241113,,6,short_page,True
20241114,,2,short_page,True
20241115,,2,short_page,True
20241118,,6,short_page,True
20241119,,5,short_page,True
20241120,,15,short_page,True
20241121,,14,short_page,True
20241122,,9,short_page,True
20241125,,3,short_page,True
20241126,,10,short_page,True
20241127,,3,short_page,True
20241128,,12,short_page,True
20241129,,10,short_page,True
20241202,,27,short_page,True
20241203,,8,short_page,True
20241204,,6,short_page,True
20241205,,7,short_page,True
20241206,,23,short_page,True
20241209,,12,short_page,True
20241210,,6,short_page,True
20241211,,4,short_page,True
20241212,,56,short_page,True
20241213,,12,short_page,True
20241216,,22,short_page,True
20241217,,5,short_page,True
20241218,,6,short_page,True
20241219,,3,short_page,True
20241220,,7,short_page,True
20241223,,7,short_page,True
20241224,,2,short_page,True
20241225,,1,short_page,True
20241226,,1,short_page,True
20241227,,2,short_page,True
20241230,,6,short_page,True
20241231,,2,short_page,True
20250102,,1,short_page,True
20250103,,1,short_page,True
20250106,,0,no_more,True
20250107,,1,short_page,True
20250108,,7,short_page,True
20250109,,0,no_more,True
20250110,,1,short_page,True
20250113,,0,no_more,True
20250114,,3,short_page,True
20250115,,0,no_more,True
20250116,,2,short_page,True
20250117,,3,short_page,True
20250120,,0,no_more,True
20250121,,1,short_page,True
20250122,,0,no_more,True
20250123,,1,short_page,True
20250124,,1,short_page,True
20250127,,3,short_page,True
20250205,,1,short_page,True
20250206,,12,short_page,True
20250207,,8,short_page,True
20250210,,3,short_page,True
20250211,,12,short_page,True
20250212,,14,short_page,True
20250213,,0,no_more,True
20250214,,9,short_page,True
20250217,,8,short_page,True
20250218,,13,short_page,True
20250219,,13,short_page,True
20250220,,19,short_page,True
20250221,,29,short_page,True
20250224,,18,short_page,True
20250225,,13,short_page,True
20250226,,17,short_page,True
20250227,,19,short_page,True
20250228,,6,short_page,True
20250303,,16,short_page,True
20250304,,12,short_page,True
20250305,,10,short_page,True
20250306,,19,short_page,True
20250307,,31,short_page,True
20250310,,19,short_page,True
20250311,,22,short_page,True
20250312,,18,short_page,True
20250313,,12,short_page,True
20250314,,23,short_page,True
20250317,,34,short_page,True
20250318,,50,short_page,True
20250319,,29,short_page,True
20250320,,66,short_page,True
20250321,,27,short_page,True
20250324,,25,short_page,True
20250325,,26,short_page,True
20250326,,46,short_page,True
20250327,,36,short_page,True
20250328,,22,short_page,True
20250331,,16,short_page,True
20250401,,37,short_page,True
20250402,,21,short_page,True
20250403,,29,short_page,True
20250407,,13,short_page,True
20250408,,9,short_page,True
20250409,,5,short_page,True
20250410,,1,short_page,True
20250411,,0,no_more,True
20250414,,0,no_more,True
20250415,,2,short_page,True
20250416,,2,short_page,True
20250417,,0,no_more,True
20250418,,0,no_more,True
20250421,,0,no_more,True
20250422,,5,short_page,True
20250423,,2,short_page,True
20250424,,15,short_page,True
20250425,,19,short_page,True
20250428,,17,short_page,True
20250429,,10,short_page,True
20250430,,8,short_page,True
20250506,,15,short_page,True
20250507,,8,short_page,True
20250508,,19,short_page,True
20250509,,19,short_page,True
20250512,,5,short_page,True
20250513,,15,short_page,True
20250514,,29,short_page,True
20250515,,14,short_page,True
20250516,,17,short_page,True
20250519,,40,short_page,True
20250520,,51,short_page,True
20250521,,36,short_page,True
20250522,,21,short_page,True
20250523,,14,short_page,True
20250526,,16,short_page,True
20250527,,35,short_page,True
20250528,,23,short_page,True
20250529,,42,short_page,True
20250530,,27,short_page,True
20250603,,75,short_page,True
20250604,,79,short_page,True
20250605,,27,short_page,True
20250606,,46,short_page,True
20250609,,59,short_page,True
20250610,,16,short_page,True
20250611,,28,short_page,True
20250612,,38,short_page,True
20250613,,30,short_page,True
20250616,,30,short_page,True
20250617,,32,short_page,True
20250618,,22,short_page,True
20250619,,20,short_page,True
20250620,,28,short_page,True
20250623,,34,short_page,True
20250624,,88,short_page,True
20250625,,68,short_page,True
20250626,,41,short_page,True
20250627,,52,short_page,True
20250630,,71,short_page,True
20250701,,50,short_page,True
20250702,,61,short_page,True
20250703,,47,short_page,True
20250704,,30,short_page,True
20250707,,32,short_page,True
20250708,,79,short_page,True
20250709,,77,short_page,True
20250710,,106,short_page,True
20250711,,87,short_page,True
20250714,,120,short_page,True
20250715,,55,short_page,True
20250716,,82,short_page,True
20250717,,93,short_page,True
20250718,,94,short_page,True
20250721,,275,short_page,True
20250722,,189,short_page,True
20250723,,42,short_page,True
20250724,,180,short_page,True
20250725,,123,short_page,True
20250728,,89,short_page,True
20250729,,80,short_page,True
20250730,,49,short_page,True
20250731,,40,short_page,True
20250801,,80,short_page,True
20250804,,95,short_page,True
20250805,,127,short_page,True
20250806,,133,short_page,True
20250807,,62,short_page,True
20250808,,89,short_page,True
20250811,,171,short_page,True
20250812,,78,short_page,True
20250813,,106,short_page,True
20250814,,24,short_page,True
20250815,,130,short_page,True
20250818,,191,short_page,True
20250819,,155,short_page,True
20250820,,174,short_page,True
20250821,,89,short_page,True
20250822,,124,short_page,True
20250825,,166,short_page,True
20250826,,154,short_page,True
20250827,,32,short_page,True
20250828,,41,short_page,True
20250829,,55,short_page,True
20250901,0.0,0,no_table,True
20250902,0.0,0,no_table,True
20250903,0.0,0,no_table,True
20250904,,25,short_page,True
20250905,,37,short_page,True
20250908,,64,short_page,True
20250909,,21,short_page,True
20250910,,15,short_page,True
20250911,,19,short_page,True
20250912,,35,short_page,True
20250915,,33,short_page,True
20250916,,39,short_page,True
20250917,,25,short_page,True
20250918,,25,short_page,True
20250919,,21,short_page,True
20250922,,17,short_page,True
20250923,,12,short_page,True
20250924,,26,short_page,True
20250925,,13,short_page,True
20250926,,17,short_page,True
20250929,,21,short_page,True
20250930,,10,short_page,True
20251009,,33,short_page,True
20251010,,34,short_page,True
20251013,,8,short_page,True
20251014,,6,short_page,True
20251015,,19,short_page,True
20251016,,11,short_page,True
20251017,,7,short_page,True
20251020,,18,short_page,True
20251021,,29,short_page,True
20251022,,16,short_page,True
20251023,,21,short_page,True
20251024,,9,short_page,True
20251027,,21,short_page,True
20251028,,24,short_page,True
20251029,,32,short_page,True
20251030,,25,short_page,True
20251031,,25,short_page,True
20251103,,40,short_page,True
20251104,,33,short_page,True
20251105,,41,short_page,True
20251106,,37,short_page,True
20251107,,42,short_page,True
20251110,,48,short_page,True
20251111,,42,short_page,True
20251112,,26,short_page,True
20251113,,43,short_page,True
20251114,,53,short_page,True
20251117,,19,short_page,True
20251118,,16,short_page,True
20251119,,21,short_page,True
20251120,,13,short_page,True
20251121,,7,short_page,True
20251124,,8,short_page,True
20251125,,12,short_page,True
20251126,,7,short_page,True
20251127,,10,short_page,True
20251128,,10,short_page,True
20251201,,22,short_page,True
20251202,,18,short_page,True
20251203,,10,short_page,True
20251204,,5,short_page,True
20251205,,8,short_page,True
20251208,,10,short_page,True
20251209,,10,short_page,True
20251210,,10,short_page,True
20251211,,7,short_page,True
20251212,,10,short_page,True
20251215,,12,short_page,True
20251216,,7,short_page,True
20251217,,13,short_page,True
20251218,,11,short_page,True
20251219,,12,short_page,True
20251222,,18,short_page,True
20251223,,10,short_page,True
20251224,,16,short_page,True
20251225,,14,short_page,True
20251226,,12,short_page,True
20251229,,13,short_page,True
20251230,,15,short_page,True
20251231,,9,short_page,True
20260105,,33,short_page,True
20260106,,51,short_page,True
20260107,,36,short_page,True
20260108,,34,short_page,True
20260109,,49,short_page,True
20260112,,119,short_page,True
20260113,,5569,short_page,True
20260114,,28,short_page,True
20260115,,31,short_page,True
20260116,,33,short_page,True
20260119,,61,short_page,True
20260120,,54,short_page,True
20260121,,50,short_page,True
20260122,,62,short_page,True
20260123,,64,short_page,True
20260126,,46,short_page,True
20260127,,31,short_page,True
20260128,,35,short_page,True
20260129,,30,short_page,True
20260130,,27,short_page,True
20260202,,8,short_page,True
20260203,,10,short_page,True
20260204,,29,short_page,True
20260205,,29,short_page,True
20260206,,21,short_page,True
20260209,,40,short_page,True
20260210,,36,short_page,True
20260211,,19,short_page,True
20260212,,14,short_page,True
20260213,,6,short_page,True
20260224,,93,short_page,True
20260225,,80,short_page,True
20260226,,70,short_page,True
20260227,,83,short_page,True
20260302,,40,short_page,True
20260303,,44,short_page,True
20260304,,11,short_page,True
20260305,,27,short_page,True
20260306,,41,short_page,True
20260309,,9,short_page,True
20260310,,17,short_page,True
20260311,,25,short_page,True
20260312,,31,short_page,True
20260313,,20,short_page,True
20260316,,15,short_page,True
20260317,,6,short_page,True
20260318,,7,short_page,True
20260319,,3,short_page,True
20260320,,8,short_page,True
20260323,,5,short_page,True
20260324,,9,short_page,True
20260325,,21,short_page,True
20260326,,1,short_page,True
20260327,,2,short_page,True
20260330,,2,short_page,True
20260331,,3,short_page,True
20260401,,3,short_page,True
20260402,,1,short_page,True
20260403,,2,short_page,True
20260407,,0,no_more,True
20260408,,2,short_page,True
20260409,,0,no_more,True
20260410,,5,short_page,True
20260413,,2,short_page,True
20260414,,6,short_page,True
20260415,,10,short_page,True
20260416,,6,short_page,True
20260417,,3,short_page,True
20260420,,7,short_page,True
20260421,,14,short_page,True
20260422,,15,short_page,True
20260423,,16,short_page,True
20260424,,14,short_page,True
20260427,,15,short_page,True
20260428,,6,short_page,True
20260429,,16,short_page,True
20260430,,23,short_page,True
20260506,,5569,short_page,True
20260507,,18,short_page,True
20260508,,25,short_page,True
20260511,,25,short_page,True
20260512,,8,short_page,True
20260513,,9,short_page,True
20260514,,8,short_page,True
20260515,,11,short_page,True
20260518,,9,short_page,True
20260519,,6,short_page,True
20260520,,18,short_page,True
20260521,,5,short_page,True
20260522,,11,short_page,True
20260525,,12,short_page,True
20260526,,13,short_page,True
20260527,,9,short_page,True
20260528,,4,short_page,True
20260529,,6,short_page,True
20260601,,6,short_page,True
20260602,,5569,short_page,True
20260603,,5569,short_page,True
20260604,,0,no_more,True
20260605,,2,short_page,True
20260608,,0,no_more,True
20260609,,0,no_more,True
20260610,,1,short_page,True
20260611,,0,no_more,True
20260612,,2,short_page,True
20260615,,1,short_page,True
20260616,,1,short_page,True
20260617,,1,short_page,True
20260618,,1,short_page,True
20260622,,4,short_page,True
20260623,,5569,short_page,True
20260624,,1,short_page,True
20260625,,0,no_more,True
20260626,,0,no_more,True
20260629,,1,short_page,True
20260630,,0,no_more,True
20260701,,2,short_page,True
20260702,,5570,short_page,True
20260703,,1,short_page,True
20260706,,1,short_page,True
20260707,,0,no_more,True
20260708,,5570,short_page,True
20260709,,0,no_more,True
20260710,,0,no_more,True
20260713,,0,no_more,True
20260714,,0,no_more,True
20260715,,2,short_page,True
20260716,,0,no_more,True
20260717,,1,short_page,True
20260720,,5,short_page,True
20260721,,1,short_page,True
20260722,,0,no_more,True
20260723,,1,short_page,True
20260724,,1,short_page,True
20260727,,1,short_page,True
20260728,,4,short_page,True
20260729,,5,short_page,True
20260730,,27,short_page,True
20260731,,1,short_page,True
20260803,,7,short_page,True
20260804,,3,short_page,True
20260805,,0,no_more,True
20260806,,1,short_page,True
20260807,,1,short_page,True
20260810,,11,short_page,True
20260811,,4,short_page,True
20260812,,9,short_page,True
20260813,,10,short_page,True
20260814,,2,short_page,True
20260817,,7,short_page,True
20260818,,29,short_page,True
20260819,,12,short_page,True
20260820,,23,short_page,True
20260821,,4,short_page,True
20260824,,9,short_page,True
20260825,,21,short_page,True
20260826,,32,short_page,True
20260827,,16,short_page,True
20260828,,57,short_page,True
20260831,,55,short_page,True
20260901,,81,short_page,True
20260902,,12,short_page,True
20260903,,5,short_page,True
20260904,,26,short_page,True
20260907,,26,short_page,True
20260908,,72,short_page,True
20260909,,26,short_page,True
20260910,,24,short_page,True
